index	e_type	Source	from_type	Target	to_type	directed	attributes.tagCount	attributes.res	attributes.layer_id
0	located_on_h3_cell	https://www.openstreetmap.org/way/457746173	osmplace	891f03b001bffff	h3place	False		6.0	Transport_NEG_aeroway around (Stralsund) radius=15.0
1	located_on_h3_cell	https://www.openstreetmap.org/way/439464121	osmplace	891f0149a73ffff	h3place	False		6.0	Transport_NEG_aeroway around (Stralsund) radius=15.0
2	located_on_h3_cell	https://www.openstreetmap.org/way/439464484	osmplace	891f0149843ffff	h3place	False		6.0	Transport_NEG_aeroway around (Stralsund) radius=15.0
3	located_on_h3_cell	https://www.openstreetmap.org/way/667034921	osmplace	891f03b0c53ffff	h3place	False		6.0	Transport_NEG_aeroway around (Stralsund) radius=15.0
4	located_on_h3_cell	https://www.openstreetmap.org/way/393367685	osmplace	891f03b3363ffff	h3place	False		6.0	Transport_NEG_aeroway around (Stralsund) radius=15.0
5	hasOSMTag	891f038499bffff	h3place	industrial	osmtag	False	1.0		Environment_NEG_geological around (Stralsund) radius=15.0
6	located_on_h3_cell	https://www.openstreetmap.org/way/51849880	osmplace	891f0386a13ffff	h3place	False		6.0	Lifestyle_NEG_shop around (Stralsund) radius=15.0
7	hasOSMTag	891f03b1373ffff	h3place	industrial	osmtag	False	1.0		Environment_NEG_geological around (Stralsund) radius=15.0
8	hasOSMTag	891f0386a17ffff	h3place	primary	osmtag	False	4.0		Transport_NEG_aeroway around (Stralsund) radius=15.0
9	located_on_h3_cell	https://www.openstreetmap.org/way/609473780	osmplace	891f03ba487ffff	h3place	False		6.0	Transport_NEG_aeroway around (Stralsund) radius=15.0
10	located_on_h3_cell	https://www.openstreetmap.org/way/439464487	osmplace	891f0149ab3ffff	h3place	False		6.0	Transport_NEG_aeroway around (Stralsund) radius=15.0
11	located_on_h3_cell	891f0386a07ffff	h3place	https://www.openstreetmap.org/way/312929955	osmplace	False		6.0	Transport_NEG_aeroway around (Stralsund) radius=15.0
12	located_on_h3_cell	891f03b332fffff	h3place	https://www.openstreetmap.org/way/308988461	osmplace	False		6.0	Transport_NEG_aeroway around (Stralsund) radius=15.0
13	located_on_h3_cell	https://www.openstreetmap.org/way/439463822	osmplace	891f03869afffff	h3place	False		6.0	Transport_NEG_aeroway around (Stralsund) radius=15.0
14	hasOSMTag	891f03b332fffff	h3place	primary	osmtag	False	1.0		Transport_NEG_aeroway around (Stralsund) radius=15.0
15	hasOSMTag	891f03b06abffff	h3place	primary	osmtag	False	2.0		Transport_NEG_aeroway around (Stralsund) radius=15.0
16	located_on_h3_cell	https://www.openstreetmap.org/way/609470591	osmplace	891f03ba01bffff	h3place	False		6.0	Transport_NEG_aeroway around (Stralsund) radius=15.0
17	located_on_h3_cell	https://www.openstreetmap.org/way/439462765	osmplace	891f03b36dbffff	h3place	False		6.0	Transport_NEG_aeroway around (Stralsund) radius=15.0
18	located_on_h3_cell	891f0149a73ffff	h3place	https://www.openstreetmap.org/way/439464116	osmplace	False		6.0	Transport_NEG_aeroway around (Stralsund) radius=15.0
19	located_on_h3_cell	https://www.openstreetmap.org/way/318120155	osmplace	891f0149d5bffff	h3place	False		6.0	Transport_NEG_aeroway around (Stralsund) radius=15.0
20	located_on_h3_cell	891f0386b33ffff	h3place	https://www.openstreetmap.org/way/439458114	osmplace	False		6.0	Transport_NEG_aeroway around (Stralsund) radius=15.0
21	hasOSMTag	891f01482afffff	h3place	industrial	osmtag	False	1.0		Environment_NEG_geological around (Stralsund) radius=15.0
22	located_on_h3_cell	891f0149a73ffff	h3place	https://www.openstreetmap.org/way/439464121	osmplace	False		6.0	Transport_NEG_aeroway around (Stralsund) radius=15.0
23	located_on_h3_cell	891f03b2a6fffff	h3place	https://www.openstreetmap.org/way/666033981	osmplace	False		6.0	Transport_NEG_aeroway around (Stralsund) radius=15.0
24	located_on_h3_cell	891f0149a73ffff	h3place	https://www.openstreetmap.org/way/439464118	osmplace	False		6.0	Transport_NEG_aeroway around (Stralsund) radius=15.0
25	located_on_h3_cell	891f0386a17ffff	h3place	https://www.openstreetmap.org/way/322698081	osmplace	False		6.0	Transport_NEG_aeroway around (Stralsund) radius=15.0
26	located_on_h3_cell	891f0386ba7ffff	h3place	https://www.openstreetmap.org/way/439462761	osmplace	False		6.0	Transport_NEG_aeroway around (Stralsund) radius=15.0
27	located_on_h3_cell	891f0149dd7ffff	h3place	https://www.openstreetmap.org/way/318120161	osmplace	False		6.0	Transport_NEG_aeroway around (Stralsund) radius=15.0
28	located_on_h3_cell	891f0149dd7ffff	h3place	https://www.openstreetmap.org/way/318120160	osmplace	False		6.0	Transport_NEG_aeroway around (Stralsund) radius=15.0
29	located_on_h3_cell	https://www.openstreetmap.org/way/393367692	osmplace	891f0384c3bffff	h3place	False		6.0	Transport_NEG_aeroway around (Stralsund) radius=15.0
30	located_on_h3_cell	891f03b01cbffff	h3place	https://www.openstreetmap.org/way/639120773	osmplace	False		6.0	Transport_NEG_aeroway around (Stralsund) radius=15.0
31	located_on_h3_cell	https://www.openstreetmap.org/way/701712930	osmplace	891f03bb17bffff	h3place	False		6.0	Transport_NEG_aeroway around (Stralsund) radius=15.0
32	hasOSMTag	891f03b0103ffff	h3place	primary	osmtag	False	1.0		Transport_NEG_aeroway around (Stralsund) radius=15.0
33	located_on_h3_cell	891f0386977ffff	h3place	https://www.openstreetmap.org/way/439462767	osmplace	False		6.0	Transport_NEG_aeroway around (Stralsund) radius=15.0
34	located_on_h3_cell	https://www.openstreetmap.org/way/308988459	osmplace	891f03b14b7ffff	h3place	False		6.0	Transport_NEG_aeroway around (Stralsund) radius=15.0
35	located_on_h3_cell	https://www.openstreetmap.org/way/639120793	osmplace	891f03b06abffff	h3place	False		6.0	Transport_NEG_aeroway around (Stralsund) radius=15.0
36	located_on_h3_cell	891f03b0e97ffff	h3place	https://www.openstreetmap.org/way/764156225	osmplace	False		6.0	Transport_NEG_aeroway around (Stralsund) radius=15.0
37	located_on_h3_cell	891f03b06abffff	h3place	https://www.openstreetmap.org/way/639120793	osmplace	False		6.0	Transport_NEG_aeroway around (Stralsund) radius=15.0
38	hasOSMTag	891f0149a73ffff	h3place	trunk	osmtag	False	6.0		Transport_NEG_aeroway around (Stralsund) radius=15.0
39	located_on_h3_cell	891f0386977ffff	h3place	https://www.openstreetmap.org/way/439462762	osmplace	False		6.0	Transport_NEG_aeroway around (Stralsund) radius=15.0
40	located_on_h3_cell	891f0386933ffff	h3place	https://www.openstreetmap.org/way/439463484	osmplace	False		6.0	Transport_NEG_aeroway around (Stralsund) radius=15.0
41	located_on_h3_cell	891f03bb18fffff	h3place	https://www.openstreetmap.org/way/226042660	osmplace	False		6.0	Transport_NEG_aeroway around (Stralsund) radius=15.0
42	hasOSMTag	89754e64993ffff	h3place	1	osmtag	False	1.0		Services_NEG_amenity around (Stralsund) radius=15.0
43	located_on_h3_cell	891f0386e0bffff	h3place	https://www.openstreetmap.org/way/685612464	osmplace	False		6.0	Transport_NEG_aeroway around (Stralsund) radius=15.0
44	located_on_h3_cell	https://www.openstreetmap.org/way/312919460	osmplace	891f0386e9bffff	h3place	False		6.0	Transport_NEG_aeroway around (Stralsund) radius=15.0
45	located_on_h3_cell	https://www.openstreetmap.org/way/439464120	osmplace	891f0149a73ffff	h3place	False		6.0	Transport_NEG_aeroway around (Stralsund) radius=15.0
46	located_on_h3_cell	891f03bb14bffff	h3place	https://www.openstreetmap.org/way/244795805	osmplace	False		6.0	Transport_NEG_aeroway around (Stralsund) radius=15.0
47	located_on_h3_cell	https://www.openstreetmap.org/way/439463819	osmplace	891f03869afffff	h3place	False		6.0	Transport_NEG_aeroway around (Stralsund) radius=15.0
48	located_on_h3_cell	https://www.openstreetmap.org/way/439464123	osmplace	891f0149a7bffff	h3place	False		6.0	Transport_NEG_aeroway around (Stralsund) radius=15.0
49	located_on_h3_cell	https://www.openstreetmap.org/way/224991076	osmplace	891f03b0037ffff	h3place	False		6.0	Transport_NEG_aeroway around (Stralsund) radius=15.0
50	located_on_h3_cell	https://www.openstreetmap.org/way/439463483	osmplace	891f0386933ffff	h3place	False		6.0	Transport_NEG_aeroway around (Stralsund) radius=15.0
51	located_on_h3_cell	https://www.openstreetmap.org/way/701712932	osmplace	891f03ba3dbffff	h3place	False		6.0	Transport_NEG_aeroway around (Stralsund) radius=15.0
52	located_on_h3_cell	891f0386333ffff	h3place	https://www.openstreetmap.org/node/1994142270	osmplace	False		6.0	Lifestyle_NEG_shop around (Stralsund) radius=15.0
53	hasOSMTag	891f0386977ffff	h3place	trunk	osmtag	False	6.0		Transport_NEG_aeroway around (Stralsund) radius=15.0
54	located_on_h3_cell	https://www.openstreetmap.org/way/312919478	osmplace	891f0386a13ffff	h3place	False		6.0	Transport_NEG_aeroway around (Stralsund) radius=15.0
55	located_on_h3_cell	891f0149a73ffff	h3place	https://www.openstreetmap.org/way/439464119	osmplace	False		6.0	Transport_NEG_aeroway around (Stralsund) radius=15.0
56	located_on_h3_cell	891f0149dd7ffff	h3place	https://www.openstreetmap.org/way/318120166	osmplace	False		6.0	Transport_NEG_aeroway around (Stralsund) radius=15.0
57	located_on_h3_cell	891f01482afffff	h3place	https://www.openstreetmap.org/way/605727510	osmplace	False		6.0	Environment_NEG_geological around (Stralsund) radius=15.0
58	located_on_h3_cell	891f0149a73ffff	h3place	https://www.openstreetmap.org/way/439464117	osmplace	False		6.0	Transport_NEG_aeroway around (Stralsund) radius=15.0
59	located_on_h3_cell	https://www.openstreetmap.org/way/300421153	osmplace	891f03869a7ffff	h3place	False		6.0	Transport_NEG_aeroway around (Stralsund) radius=15.0
60	hasOSMTag	891f03b0137ffff	h3place	primary	osmtag	False	1.0		Transport_NEG_aeroway around (Stralsund) radius=15.0
61	hasOSMTag	891f03bb38bffff	h3place	primary	osmtag	False	1.0		Transport_NEG_aeroway around (Stralsund) radius=15.0
62	located_on_h3_cell	891f03b0103ffff	h3place	https://www.openstreetmap.org/way/457753365	osmplace	False		6.0	Transport_NEG_aeroway around (Stralsund) radius=15.0
63	located_on_h3_cell	891f0386977ffff	h3place	https://www.openstreetmap.org/way/439462770	osmplace	False		6.0	Transport_NEG_aeroway around (Stralsund) radius=15.0
64	located_on_h3_cell	891f038744bffff	h3place	https://www.openstreetmap.org/way/889163048	osmplace	False		6.0	Environment_NEG_geological around (Stralsund) radius=15.0
65	located_on_h3_cell	891f0386977ffff	h3place	https://www.openstreetmap.org/way/439462768	osmplace	False		6.0	Transport_NEG_aeroway around (Stralsund) radius=15.0
66	located_on_h3_cell	891f038638fffff	h3place	https://www.openstreetmap.org/node/1994142279	osmplace	False		6.0	Lifestyle_NEG_shop around (Stralsund) radius=15.0
67	located_on_h3_cell	891f0386a17ffff	h3place	https://www.openstreetmap.org/way/322698078	osmplace	False		6.0	Transport_NEG_aeroway around (Stralsund) radius=15.0
68	hasOSMTag	891f03bb18fffff	h3place	primary	osmtag	False	1.0		Transport_NEG_aeroway around (Stralsund) radius=15.0
69	hasOSMTag	891f014d2cbffff	h3place	industrial	osmtag	False	1.0		Environment_NEG_geological around (Stralsund) radius=15.0
70	located_on_h3_cell	891f014d66fffff	h3place	https://www.openstreetmap.org/relation/11727683	osmplace	False		6.0	Environment_NEG_geological around (Stralsund) radius=15.0
71	located_on_h3_cell	https://www.openstreetmap.org/way/439464119	osmplace	891f0149a73ffff	h3place	False		6.0	Transport_NEG_aeroway around (Stralsund) radius=15.0
72	located_on_h3_cell	https://www.openstreetmap.org/way/383574769	osmplace	891f03b0657ffff	h3place	False		6.0	Transport_NEG_aeroway around (Stralsund) radius=15.0
73	hasOSMTag	891f03b2a6fffff	h3place	trunk	osmtag	False	1.0		Transport_NEG_aeroway around (Stralsund) radius=15.0
74	hasOSMTag	891f0384c83ffff	h3place	primary	osmtag	False	1.0		Transport_NEG_aeroway around (Stralsund) radius=15.0
75	located_on_h3_cell	891f0384c83ffff	h3place	https://www.openstreetmap.org/way/393346690	osmplace	False		6.0	Transport_NEG_aeroway around (Stralsund) radius=15.0
76	hasOSMTag	891f0386e0fffff	h3place	primary	osmtag	False	2.0		Transport_NEG_aeroway around (Stralsund) radius=15.0
77	located_on_h3_cell	891f0386e0fffff	h3place	https://www.openstreetmap.org/way/685612463	osmplace	False		6.0	Transport_NEG_aeroway around (Stralsund) radius=15.0
78	located_on_h3_cell	891f0386e0fffff	h3place	https://www.openstreetmap.org/way/312919465	osmplace	False		6.0	Transport_NEG_aeroway around (Stralsund) radius=15.0
79	located_on_h3_cell	891f0149a17ffff	h3place	https://www.openstreetmap.org/way/439464277	osmplace	False		6.0	Transport_NEG_aeroway around (Stralsund) radius=15.0
80	located_on_h3_cell	891f03b1373ffff	h3place	https://www.openstreetmap.org/way/823184536	osmplace	False		6.0	Environment_NEG_geological around (Stralsund) radius=15.0
81	hasOSMTag	891f0149657ffff	h3place	primary	osmtag	False	1.0		Transport_NEG_aeroway around (Stralsund) radius=15.0
82	located_on_h3_cell	891f014d2cbffff	h3place	https://www.openstreetmap.org/way/273445750	osmplace	False		6.0	Environment_NEG_geological around (Stralsund) radius=15.0
83	hasOSMTag	891f01480b3ffff	h3place	trunk	osmtag	False	1.0		Transport_NEG_aeroway around (Stralsund) radius=15.0
84	located_on_h3_cell	891f0386b33ffff	h3place	https://www.openstreetmap.org/way/429210273	osmplace	False		6.0	Transport_NEG_aeroway around (Stralsund) radius=15.0
85	hasOSMTag	891f0386a3bffff	h3place	primary	osmtag	False	1.0		Transport_NEG_aeroway around (Stralsund) radius=15.0
86	hasOSMTag	891f03bb3d7ffff	h3place	primary	osmtag	False	2.0		Transport_NEG_aeroway around (Stralsund) radius=15.0
87	hasOSMTag	891f0386b3bffff	h3place	trunk	osmtag	False	1.0		Transport_NEG_aeroway around (Stralsund) radius=15.0
88	located_on_h3_cell	https://www.openstreetmap.org/way/439464276	osmplace	891f0149abbffff	h3place	False		6.0	Transport_NEG_aeroway around (Stralsund) radius=15.0
89	located_on_h3_cell	https://www.openstreetmap.org/way/439462771	osmplace	891f03b36dbffff	h3place	False		6.0	Transport_NEG_aeroway around (Stralsund) radius=15.0
90	located_on_h3_cell	https://www.openstreetmap.org/way/312919457	osmplace	891f0386e9bffff	h3place	False		6.0	Transport_NEG_aeroway around (Stralsund) radius=15.0
91	located_on_h3_cell	891f038499bffff	h3place	https://www.openstreetmap.org/way/258916731	osmplace	False		6.0	Environment_NEG_geological around (Stralsund) radius=15.0
92	located_on_h3_cell	891f03b2a73ffff	h3place	https://www.openstreetmap.org/way/666033980	osmplace	False		6.0	Transport_NEG_aeroway around (Stralsund) radius=15.0
93	located_on_h3_cell	https://www.openstreetmap.org/way/226043591	osmplace	891f03bb17bffff	h3place	False		6.0	Transport_NEG_aeroway around (Stralsund) radius=15.0
94	located_on_h3_cell	https://www.openstreetmap.org/node/1994142270	osmplace	891f0386333ffff	h3place	False		6.0	Lifestyle_NEG_shop around (Stralsund) radius=15.0
95	hasOSMTag	891f03ba23bffff	h3place	primary	osmtag	False	1.0		Transport_NEG_aeroway around (Stralsund) radius=15.0
96	located_on_h3_cell	891f0386a3bffff	h3place	https://www.openstreetmap.org/way/393346691	osmplace	False		6.0	Transport_NEG_aeroway around (Stralsund) radius=15.0
97	hasOSMTag	891f038744bffff	h3place	industrial	osmtag	False	1.0		Environment_NEG_geological around (Stralsund) radius=15.0
98	located_on_h3_cell	https://www.openstreetmap.org/way/666033981	osmplace	891f03b2a6fffff	h3place	False		6.0	Transport_NEG_aeroway around (Stralsund) radius=15.0
99	located_on_h3_cell	https://www.openstreetmap.org/way/457751293	osmplace	891f03b0657ffff	h3place	False		6.0	Transport_NEG_aeroway around (Stralsund) radius=15.0
100	located_on_h3_cell	https://www.openstreetmap.org/way/226043594	osmplace	891f03bb14fffff	h3place	False		6.0	Transport_NEG_aeroway around (Stralsund) radius=15.0
101	located_on_h3_cell	891f03bb3d7ffff	h3place	https://www.openstreetmap.org/way/244795808	osmplace	False		6.0	Transport_NEG_aeroway around (Stralsund) radius=15.0
102	hasOSMTag	891f03bb14bffff	h3place	primary	osmtag	False	1.0		Transport_NEG_aeroway around (Stralsund) radius=15.0
103	located_on_h3_cell	891f0386b3bffff	h3place	https://www.openstreetmap.org/way/300421156	osmplace	False		6.0	Transport_NEG_aeroway around (Stralsund) radius=15.0
104	located_on_h3_cell	https://www.openstreetmap.org/way/764156225	osmplace	891f03b0e97ffff	h3place	False		6.0	Transport_NEG_aeroway around (Stralsund) radius=15.0
105	located_on_h3_cell	https://www.openstreetmap.org/way/439462772	osmplace	891f03b36dbffff	h3place	False		6.0	Transport_NEG_aeroway around (Stralsund) radius=15.0
106	located_on_h3_cell	https://www.openstreetmap.org/way/439462776	osmplace	891f0386963ffff	h3place	False		6.0	Transport_NEG_aeroway around (Stralsund) radius=15.0
107	hasOSMTag	891f0386963ffff	h3place	trunk	osmtag	False	2.0		Transport_NEG_aeroway around (Stralsund) radius=15.0
108	located_on_h3_cell	https://www.openstreetmap.org/way/244795809	osmplace	891f03bb3d7ffff	h3place	False		6.0	Transport_NEG_aeroway around (Stralsund) radius=15.0
109	located_on_h3_cell	https://www.openstreetmap.org/way/308988461	osmplace	891f03b332fffff	h3place	False		6.0	Transport_NEG_aeroway around (Stralsund) radius=15.0
110	located_on_h3_cell	891f038618fffff	h3place	https://www.openstreetmap.org/way/424621715	osmplace	False		6.0	Transport_NEG_aeroway around (Stralsund) radius=15.0
111	hasOSMTag	primary	osmtag	891f03b001bffff	h3place	False	5.0		Transport_NEG_aeroway around (Stralsund) radius=15.0
112	located_on_h3_cell	891f0149ab3ffff	h3place	https://www.openstreetmap.org/way/439464487	osmplace	False		6.0	Transport_NEG_aeroway around (Stralsund) radius=15.0
113	located_on_h3_cell	891f03b0657ffff	h3place	https://www.openstreetmap.org/way/383574769	osmplace	False		6.0	Transport_NEG_aeroway around (Stralsund) radius=15.0
114	located_on_h3_cell	https://www.openstreetmap.org/way/764156226	osmplace	891f03b0e3bffff	h3place	False		6.0	Transport_NEG_aeroway around (Stralsund) radius=15.0
115	located_on_h3_cell	https://www.openstreetmap.org/way/439464274	osmplace	891f0149a17ffff	h3place	False		6.0	Transport_NEG_aeroway around (Stralsund) radius=15.0
116	hasOSMTag	trunk	osmtag	891f03b2847ffff	h3place	False	1.0		Transport_NEG_aeroway around (Stralsund) radius=15.0
117	located_on_h3_cell	891f0149ab3ffff	h3place	https://www.openstreetmap.org/way/439464486	osmplace	False		6.0	Transport_NEG_aeroway around (Stralsund) radius=15.0
118	located_on_h3_cell	891f0386933ffff	h3place	https://www.openstreetmap.org/way/439463483	osmplace	False		6.0	Transport_NEG_aeroway around (Stralsund) radius=15.0
119	hasOSMTag	trunk	osmtag	891f0149dd7ffff	h3place	False	3.0		Transport_NEG_aeroway around (Stralsund) radius=15.0
120	located_on_h3_cell	https://www.openstreetmap.org/way/439462767	osmplace	891f0386977ffff	h3place	False		6.0	Transport_NEG_aeroway around (Stralsund) radius=15.0
121	located_on_h3_cell	https://www.openstreetmap.org/way/312919464	osmplace	891f0386e1bffff	h3place	False		6.0	Transport_NEG_aeroway around (Stralsund) radius=15.0
122	hasOSMTag	trunk	osmtag	891f03b0cc3ffff	h3place	False	1.0		Transport_NEG_aeroway around (Stralsund) radius=15.0
123	located_on_h3_cell	https://www.openstreetmap.org/way/667011336	osmplace	891f03b337bffff	h3place	False		6.0	Transport_NEG_aeroway around (Stralsund) radius=15.0
124	hasOSMTag	891f0149ab3ffff	h3place	trunk	osmtag	False	2.0		Transport_NEG_aeroway around (Stralsund) radius=15.0
125	located_on_h3_cell	https://www.openstreetmap.org/way/378367936	osmplace	891f03bb17bffff	h3place	False		6.0	Transport_NEG_aeroway around (Stralsund) radius=15.0
126	located_on_h3_cell	https://www.openstreetmap.org/way/605727510	osmplace	891f01482afffff	h3place	False		6.0	Environment_NEG_geological around (Stralsund) radius=15.0
127	located_on_h3_cell	https://www.openstreetmap.org/way/764156228	osmplace	891f03b0e07ffff	h3place	False		6.0	Transport_NEG_aeroway around (Stralsund) radius=15.0
128	located_on_h3_cell	891f0386ba7ffff	h3place	https://www.openstreetmap.org/way/439462766	osmplace	False		6.0	Transport_NEG_aeroway around (Stralsund) radius=15.0
129	located_on_h3_cell	https://www.openstreetmap.org/way/764156227	osmplace	891f03b0e07ffff	h3place	False		6.0	Transport_NEG_aeroway around (Stralsund) radius=15.0
130	located_on_h3_cell	https://www.openstreetmap.org/way/457753365	osmplace	891f03b0103ffff	h3place	False		6.0	Transport_NEG_aeroway around (Stralsund) radius=15.0
131	located_on_h3_cell	https://www.openstreetmap.org/way/457751292	osmplace	891f03b060bffff	h3place	False		6.0	Transport_NEG_aeroway around (Stralsund) radius=15.0
132	hasOSMTag	trunk	osmtag	891f0386b3bffff	h3place	False	1.0		Transport_NEG_aeroway around (Stralsund) radius=15.0
133	hasOSMTag	891f03b0003ffff	h3place	primary	osmtag	False	2.0		Transport_NEG_aeroway around (Stralsund) radius=15.0
134	located_on_h3_cell	891f0386a13ffff	h3place	https://www.openstreetmap.org/way/312919481	osmplace	False		6.0	Transport_NEG_aeroway around (Stralsund) radius=15.0
135	located_on_h3_cell	https://www.openstreetmap.org/way/439463825	osmplace	891f03869a7ffff	h3place	False		6.0	Transport_NEG_aeroway around (Stralsund) radius=15.0
136	located_on_h3_cell	https://www.openstreetmap.org/way/391532501	osmplace	891f03b06abffff	h3place	False		6.0	Transport_NEG_aeroway around (Stralsund) radius=15.0
137	located_on_h3_cell	891f03bb113ffff	h3place	https://www.openstreetmap.org/way/226042659	osmplace	False		6.0	Transport_NEG_aeroway around (Stralsund) radius=15.0
138	located_on_h3_cell	https://www.openstreetmap.org/way/391514944	osmplace	891f03bb237ffff	h3place	False		6.0	Transport_NEG_aeroway around (Stralsund) radius=15.0
139	located_on_h3_cell	https://www.openstreetmap.org/way/300421156	osmplace	891f0386b3bffff	h3place	False		6.0	Transport_NEG_aeroway around (Stralsund) radius=15.0
140	located_on_h3_cell	891f03b36dbffff	h3place	https://www.openstreetmap.org/way/439462769	osmplace	False		6.0	Transport_NEG_aeroway around (Stralsund) radius=15.0
141	hasOSMTag	891f03b0603ffff	h3place	primary	osmtag	False	1.0		Transport_NEG_aeroway around (Stralsund) radius=15.0
142	located_on_h3_cell	https://www.openstreetmap.org/way/915117557	osmplace	891f01480b3ffff	h3place	False		6.0	Transport_NEG_aeroway around (Stralsund) radius=15.0
143	located_on_h3_cell	https://www.openstreetmap.org/way/429210273	osmplace	891f0386b33ffff	h3place	False		6.0	Transport_NEG_aeroway around (Stralsund) radius=15.0
144	located_on_h3_cell	https://www.openstreetmap.org/way/363888400	osmplace	891f03b001bffff	h3place	False		6.0	Transport_NEG_aeroway around (Stralsund) radius=15.0
145	located_on_h3_cell	https://www.openstreetmap.org/way/308988458	osmplace	891f03b14b7ffff	h3place	False		6.0	Transport_NEG_aeroway around (Stralsund) radius=15.0
146	hasOSMTag	trunk	osmtag	891f0148033ffff	h3place	False	1.0		Transport_NEG_aeroway around (Stralsund) radius=15.0
147	hasOSMTag	primary	osmtag	891f03bb17bffff	h3place	False	4.0		Transport_NEG_aeroway around (Stralsund) radius=15.0
148	located_on_h3_cell	https://www.openstreetmap.org/way/312919472	osmplace	891f0386a8bffff	h3place	False		6.0	Transport_NEG_aeroway around (Stralsund) radius=15.0
149	hasOSMTag	891f0386b33ffff	h3place	trunk	osmtag	False	2.0		Transport_NEG_aeroway around (Stralsund) radius=15.0
150	located_on_h3_cell	891f038610bffff	h3place	https://www.openstreetmap.org/way/294237627	osmplace	False		6.0	Transport_NEG_aeroway around (Stralsund) radius=15.0
151	located_on_h3_cell	https://www.openstreetmap.org/way/258916731	osmplace	891f038499bffff	h3place	False		6.0	Environment_NEG_geological around (Stralsund) radius=15.0
152	hasOSMTag	891f0386333ffff	h3place	fast_food	osmtag	False	1.0		Lifestyle_NEG_shop around (Stralsund) radius=15.0
153	hasOSMTag	891f03b01cbffff	h3place	primary	osmtag	False	1.0		Transport_NEG_aeroway around (Stralsund) radius=15.0
154	located_on_h3_cell	https://www.openstreetmap.org/way/439463820	osmplace	891f03869afffff	h3place	False		6.0	Transport_NEG_aeroway around (Stralsund) radius=15.0
155	located_on_h3_cell	https://www.openstreetmap.org/way/439463821	osmplace	891f03869afffff	h3place	False		6.0	Transport_NEG_aeroway around (Stralsund) radius=15.0
156	located_on_h3_cell	https://www.openstreetmap.org/way/439463823	osmplace	891f03869afffff	h3place	False		6.0	Transport_NEG_aeroway around (Stralsund) radius=15.0
157	hasOSMTag	891f03ba01bffff	h3place	primary	osmtag	False	1.0		Transport_NEG_aeroway around (Stralsund) radius=15.0
158	located_on_h3_cell	891f03b011bffff	h3place	https://www.openstreetmap.org/way/639120768	osmplace	False		6.0	Transport_NEG_aeroway around (Stralsund) radius=15.0
159	located_on_h3_cell	https://www.openstreetmap.org/way/424621714	osmplace	891f0386113ffff	h3place	False		6.0	Transport_NEG_aeroway around (Stralsund) radius=15.0
160	located_on_h3_cell	https://www.openstreetmap.org/way/32024277	osmplace	891f01480a3ffff	h3place	False		6.0	Transport_NEG_aeroway around (Stralsund) radius=15.0
161	hasOSMTag	primary	osmtag	891f03ba2a7ffff	h3place	False	1.0		Transport_NEG_aeroway around (Stralsund) radius=15.0
162	located_on_h3_cell	https://www.openstreetmap.org/way/226042660	osmplace	891f03bb18fffff	h3place	False		6.0	Transport_NEG_aeroway around (Stralsund) radius=15.0
163	hasOSMTag	trunk	osmtag	891f0149d5bffff	h3place	False	1.0		Transport_NEG_aeroway around (Stralsund) radius=15.0
164	located_on_h3_cell	891f0386183ffff	h3place	https://www.openstreetmap.org/way/391558197	osmplace	False		6.0	Transport_NEG_aeroway around (Stralsund) radius=15.0
165	located_on_h3_cell	891f0386977ffff	h3place	https://www.openstreetmap.org/way/439462764	osmplace	False		6.0	Transport_NEG_aeroway around (Stralsund) radius=15.0
166	hasOSMTag	trunk	osmtag	891f0386977ffff	h3place	False	6.0		Transport_NEG_aeroway around (Stralsund) radius=15.0
167	located_on_h3_cell	891f0384847ffff	h3place	https://www.openstreetmap.org/way/312929958	osmplace	False		6.0	Transport_NEG_aeroway around (Stralsund) radius=15.0
168	located_on_h3_cell	891f0149a17ffff	h3place	https://www.openstreetmap.org/way/439464274	osmplace	False		6.0	Transport_NEG_aeroway around (Stralsund) radius=15.0
169	located_on_h3_cell	891f0386a13ffff	h3place	https://www.openstreetmap.org/way/312919478	osmplace	False		6.0	Transport_NEG_aeroway around (Stralsund) radius=15.0
170	located_on_h3_cell	891f0386e9bffff	h3place	https://www.openstreetmap.org/way/312919460	osmplace	False		6.0	Transport_NEG_aeroway around (Stralsund) radius=15.0
171	located_on_h3_cell	891f0386e9bffff	h3place	https://www.openstreetmap.org/way/312919457	osmplace	False		6.0	Transport_NEG_aeroway around (Stralsund) radius=15.0
172	located_on_h3_cell	891f01480b3ffff	h3place	https://www.openstreetmap.org/way/915117557	osmplace	False		6.0	Transport_NEG_aeroway around (Stralsund) radius=15.0
173	located_on_h3_cell	https://www.openstreetmap.org/way/318120168	osmplace	891f0149dc3ffff	h3place	False		6.0	Transport_NEG_aeroway around (Stralsund) radius=15.0
174	hasOSMTag	fast_food	osmtag	891f0386a13ffff	h3place	False	1.0		Lifestyle_NEG_shop around (Stralsund) radius=15.0
175	located_on_h3_cell	891f0149843ffff	h3place	https://www.openstreetmap.org/way/439464483	osmplace	False		6.0	Transport_NEG_aeroway around (Stralsund) radius=15.0
176	located_on_h3_cell	891f03bb3c3ffff	h3place	https://www.openstreetmap.org/way/244795806	osmplace	False		6.0	Transport_NEG_aeroway around (Stralsund) radius=15.0
177	located_on_h3_cell	891f0386e67ffff	h3place	https://www.openstreetmap.org/way/312919468	osmplace	False		6.0	Transport_NEG_aeroway around (Stralsund) radius=15.0
178	hasOSMTag	891f0149abbffff	h3place	trunk	osmtag	False	3.0		Transport_NEG_aeroway around (Stralsund) radius=15.0
179	hasOSMTag	891f03b337bffff	h3place	primary	osmtag	False	4.0		Transport_NEG_aeroway around (Stralsund) radius=15.0
180	hasOSMTag	primary	osmtag	891f0384847ffff	h3place	False	2.0		Transport_NEG_aeroway around (Stralsund) radius=15.0
181	located_on_h3_cell	https://www.openstreetmap.org/way/639120769	osmplace	891f03b0157ffff	h3place	False		6.0	Transport_NEG_aeroway around (Stralsund) radius=15.0
182	located_on_h3_cell	891f0149a73ffff	h3place	https://www.openstreetmap.org/way/439464120	osmplace	False		6.0	Transport_NEG_aeroway around (Stralsund) radius=15.0
183	hasOSMTag	891f0149dd7ffff	h3place	trunk	osmtag	False	3.0		Transport_NEG_aeroway around (Stralsund) radius=15.0
184	hasOSMTag	891f0386933ffff	h3place	trunk	osmtag	False	3.0		Transport_NEG_aeroway around (Stralsund) radius=15.0
185	hasOSMTag	891f0149a07ffff	h3place	trunk	osmtag	False	2.0		Transport_NEG_aeroway around (Stralsund) radius=15.0
186	hasOSMTag	891f03b0c53ffff	h3place	trunk	osmtag	False	1.0		Transport_NEG_aeroway around (Stralsund) radius=15.0
187	located_on_h3_cell	891f0386093ffff	h3place	https://www.openstreetmap.org/way/607656865	osmplace	False		6.0	Environment_NEG_geological around (Stralsund) radius=15.0
188	located_on_h3_cell	https://www.openstreetmap.org/way/439463482	osmplace	891f0386933ffff	h3place	False		6.0	Transport_NEG_aeroway around (Stralsund) radius=15.0
189	located_on_h3_cell	https://www.openstreetmap.org/way/312919465	osmplace	891f0386e0fffff	h3place	False		6.0	Transport_NEG_aeroway around (Stralsund) radius=15.0
190	located_on_h3_cell	https://www.openstreetmap.org/way/312919459	osmplace	891f0386167ffff	h3place	False		6.0	Transport_NEG_aeroway around (Stralsund) radius=15.0
191	hasOSMTag	891f03ba2a7ffff	h3place	primary	osmtag	False	1.0		Transport_NEG_aeroway around (Stralsund) radius=15.0
192	hasOSMTag	trunk	osmtag	891f0386bafffff	h3place	False	1.0		Transport_NEG_aeroway around (Stralsund) radius=15.0
193	located_on_h3_cell	891f0386a17ffff	h3place	https://www.openstreetmap.org/way/667016250	osmplace	False		6.0	Transport_NEG_aeroway around (Stralsund) radius=15.0
194	hasOSMTag	891f03869a7ffff	h3place	trunk	osmtag	False	2.0		Transport_NEG_aeroway around (Stralsund) radius=15.0
195	located_on_h3_cell	https://www.openstreetmap.org/way/226040779	osmplace	891f03ba23bffff	h3place	False		6.0	Transport_NEG_aeroway around (Stralsund) radius=15.0
196	located_on_h3_cell	https://www.openstreetmap.org/way/318120160	osmplace	891f0149dd7ffff	h3place	False		6.0	Transport_NEG_aeroway around (Stralsund) radius=15.0
197	located_on_h3_cell	https://www.openstreetmap.org/way/226040782	osmplace	891f03ba3dbffff	h3place	False		6.0	Transport_NEG_aeroway around (Stralsund) radius=15.0
198	located_on_h3_cell	891f0386167ffff	h3place	https://www.openstreetmap.org/way/312919459	osmplace	False		6.0	Transport_NEG_aeroway around (Stralsund) radius=15.0
199	located_on_h3_cell	https://www.openstreetmap.org/way/239068532	osmplace	891f03bb6cbffff	h3place	False		6.0	Environment_NEG_geological around (Stralsund) radius=15.0
200	hasOSMTag	891f03b011bffff	h3place	primary	osmtag	False	1.0		Transport_NEG_aeroway around (Stralsund) radius=15.0
201	located_on_h3_cell	891f0149657ffff	h3place	https://www.openstreetmap.org/way/312919449	osmplace	False		6.0	Transport_NEG_aeroway around (Stralsund) radius=15.0
202	hasOSMTag	primary	osmtag	891f0386e67ffff	h3place	False	1.0		Transport_NEG_aeroway around (Stralsund) radius=15.0
203	located_on_h3_cell	891f03b14b7ffff	h3place	https://www.openstreetmap.org/way/308988459	osmplace	False		6.0	Transport_NEG_aeroway around (Stralsund) radius=15.0
204	located_on_h3_cell	891f0149843ffff	h3place	https://www.openstreetmap.org/way/439464479	osmplace	False		6.0	Transport_NEG_aeroway around (Stralsund) radius=15.0
205	located_on_h3_cell	https://www.openstreetmap.org/way/315549630	osmplace	891f03b0ccbffff	h3place	False		6.0	Transport_NEG_aeroway around (Stralsund) radius=15.0
206	located_on_h3_cell	891f0386a07ffff	h3place	https://www.openstreetmap.org/way/312929956	osmplace	False		6.0	Transport_NEG_aeroway around (Stralsund) radius=15.0
207	hasOSMTag	primary	osmtag	891f03b3363ffff	h3place	False	2.0		Transport_NEG_aeroway around (Stralsund) radius=15.0
208	located_on_h3_cell	891f03b001bffff	h3place	https://www.openstreetmap.org/way/457746173	osmplace	False		6.0	Transport_NEG_aeroway around (Stralsund) radius=15.0
209	located_on_h3_cell	891f0149dc3ffff	h3place	https://www.openstreetmap.org/way/318120156	osmplace	False		6.0	Transport_NEG_aeroway around (Stralsund) radius=15.0
210	hasOSMTag	891f03b14b7ffff	h3place	primary	osmtag	False	2.0		Transport_NEG_aeroway around (Stralsund) radius=15.0
211	located_on_h3_cell	https://www.openstreetmap.org/way/639120768	osmplace	891f03b011bffff	h3place	False		6.0	Transport_NEG_aeroway around (Stralsund) radius=15.0
212	located_on_h3_cell	891f014b647ffff	h3place	https://www.openstreetmap.org/way/30477653	osmplace	False		6.0	Transport_NEG_aeroway around (Stralsund) radius=15.0
213	located_on_h3_cell	891f03869afffff	h3place	https://www.openstreetmap.org/way/439463821	osmplace	False		6.0	Transport_NEG_aeroway around (Stralsund) radius=15.0
214	located_on_h3_cell	https://www.openstreetmap.org/way/639120770	osmplace	891f03b0037ffff	h3place	False		6.0	Transport_NEG_aeroway around (Stralsund) radius=15.0
215	hasOSMTag	primary	osmtag	891f0386173ffff	h3place	False	1.0		Transport_NEG_aeroway around (Stralsund) radius=15.0
216	located_on_h3_cell	https://www.openstreetmap.org/way/607656865	osmplace	891f0386093ffff	h3place	False		6.0	Environment_NEG_geological around (Stralsund) radius=15.0
217	located_on_h3_cell	https://www.openstreetmap.org/way/244795806	osmplace	891f03bb3c3ffff	h3place	False		6.0	Transport_NEG_aeroway around (Stralsund) radius=15.0
218	hasOSMTag	trunk	osmtag	891f0386963ffff	h3place	False	2.0		Transport_NEG_aeroway around (Stralsund) radius=15.0
219	hasOSMTag	891f0386093ffff	h3place	industrial	osmtag	False	1.0		Environment_NEG_geological around (Stralsund) radius=15.0
220	located_on_h3_cell	https://www.openstreetmap.org/way/565281455	osmplace	891f03b148fffff	h3place	False		6.0	Environment_NEG_geological around (Stralsund) radius=15.0
221	hasOSMTag	primary	osmtag	891f03ba23bffff	h3place	False	1.0		Transport_NEG_aeroway around (Stralsund) radius=15.0
222	located_on_h3_cell	https://www.openstreetmap.org/way/439464280	osmplace	891f0149a07ffff	h3place	False		6.0	Transport_NEG_aeroway around (Stralsund) radius=15.0
223	hasOSMTag	891f0386a17ffff	h3place	department_store	osmtag	False	1.0		Lifestyle_NEG_shop around (Stralsund) radius=15.0
224	located_on_h3_cell	https://www.openstreetmap.org/way/312919468	osmplace	891f0386e67ffff	h3place	False		6.0	Transport_NEG_aeroway around (Stralsund) radius=15.0
225	hasOSMTag	trunk	osmtag	891f038693bffff	h3place	False	1.0		Transport_NEG_aeroway around (Stralsund) radius=15.0
226	hasOSMTag	891f0386ba7ffff	h3place	trunk	osmtag	False	2.0		Transport_NEG_aeroway around (Stralsund) radius=15.0
227	located_on_h3_cell	891f03b337bffff	h3place	https://www.openstreetmap.org/way/667011348	osmplace	False		6.0	Transport_NEG_aeroway around (Stralsund) radius=15.0
228	located_on_h3_cell	https://www.openstreetmap.org/way/605726652	osmplace	891f0148217ffff	h3place	False		6.0	Environment_NEG_geological around (Stralsund) radius=15.0
229	located_on_h3_cell	891f03b36dbffff	h3place	https://www.openstreetmap.org/way/439462765	osmplace	False		6.0	Transport_NEG_aeroway around (Stralsund) radius=15.0
230	located_on_h3_cell	891f0149a7bffff	h3place	https://www.openstreetmap.org/way/439464123	osmplace	False		6.0	Transport_NEG_aeroway around (Stralsund) radius=15.0
231	hasOSMTag	891f0384847ffff	h3place	primary	osmtag	False	2.0		Transport_NEG_aeroway around (Stralsund) radius=15.0
232	hasOSMTag	891f0386e9bffff	h3place	primary	osmtag	False	3.0		Transport_NEG_aeroway around (Stralsund) radius=15.0
233	hasOSMTag	891f0149a63ffff	h3place	trunk	osmtag	False	1.0		Transport_NEG_aeroway around (Stralsund) radius=15.0
234	hasOSMTag	primary	osmtag	891f03bb14fffff	h3place	False	3.0		Transport_NEG_aeroway around (Stralsund) radius=15.0
235	hasOSMTag	891f03b060bffff	h3place	primary	osmtag	False	2.0		Transport_NEG_aeroway around (Stralsund) radius=15.0
236	located_on_h3_cell	https://www.openstreetmap.org/way/368397714	osmplace	891f03b013bffff	h3place	False		6.0	Transport_NEG_aeroway around (Stralsund) radius=15.0
237	hasOSMTag	891f03b001bffff	h3place	primary	osmtag	False	5.0		Transport_NEG_aeroway around (Stralsund) radius=15.0
238	located_on_h3_cell	891f0386e77ffff	h3place	https://www.openstreetmap.org/way/315352964	osmplace	False		6.0	Transport_NEG_aeroway around (Stralsund) radius=15.0
239	located_on_h3_cell	https://www.openstreetmap.org/way/685612464	osmplace	891f0386e0bffff	h3place	False		6.0	Transport_NEG_aeroway around (Stralsund) radius=15.0
240	located_on_h3_cell	891f03bb17bffff	h3place	https://www.openstreetmap.org/way/701712930	osmplace	False		6.0	Transport_NEG_aeroway around (Stralsund) radius=15.0
241	hasOSMTag	891f03b3363ffff	h3place	primary	osmtag	False	2.0		Transport_NEG_aeroway around (Stralsund) radius=15.0
242	hasOSMTag	trunk	osmtag	891f0386933ffff	h3place	False	3.0		Transport_NEG_aeroway around (Stralsund) radius=15.0
243	hasOSMTag	891f0384c3bffff	h3place	primary	osmtag	False	1.0		Transport_NEG_aeroway around (Stralsund) radius=15.0
244	located_on_h3_cell	891f03b001bffff	h3place	https://www.openstreetmap.org/way/457746455	osmplace	False		6.0	Transport_NEG_aeroway around (Stralsund) radius=15.0
245	located_on_h3_cell	https://www.openstreetmap.org/way/312929964	osmplace	891f03bb38bffff	h3place	False		6.0	Transport_NEG_aeroway around (Stralsund) radius=15.0
246	hasOSMTag	891f0386b37ffff	h3place	trunk	osmtag	False	1.0		Transport_NEG_aeroway around (Stralsund) radius=15.0
247	located_on_h3_cell	https://www.openstreetmap.org/way/391558197	osmplace	891f0386183ffff	h3place	False		6.0	Transport_NEG_aeroway around (Stralsund) radius=15.0
248	hasOSMTag	891f0386e67ffff	h3place	primary	osmtag	False	1.0		Transport_NEG_aeroway around (Stralsund) radius=15.0
249	hasOSMTag	891f03b0cc3ffff	h3place	trunk	osmtag	False	1.0		Transport_NEG_aeroway around (Stralsund) radius=15.0
250	located_on_h3_cell	891f03869afffff	h3place	https://www.openstreetmap.org/way/439463823	osmplace	False		6.0	Transport_NEG_aeroway around (Stralsund) radius=15.0
251	located_on_h3_cell	891f0149abbffff	h3place	https://www.openstreetmap.org/way/439464278	osmplace	False		6.0	Transport_NEG_aeroway around (Stralsund) radius=15.0
252	located_on_h3_cell	891f0149843ffff	h3place	https://www.openstreetmap.org/way/439464484	osmplace	False		6.0	Transport_NEG_aeroway around (Stralsund) radius=15.0
253	located_on_h3_cell	891f03b0037ffff	h3place	https://www.openstreetmap.org/way/224991076	osmplace	False		6.0	Transport_NEG_aeroway around (Stralsund) radius=15.0
254	hasOSMTag	trunk	osmtag	891f0149843ffff	h3place	False	6.0		Transport_NEG_aeroway around (Stralsund) radius=15.0
255	hasOSMTag	891f03ba3dbffff	h3place	primary	osmtag	False	2.0		Transport_NEG_aeroway around (Stralsund) radius=15.0
256	located_on_h3_cell	891f03869a7ffff	h3place	https://www.openstreetmap.org/way/300421153	osmplace	False		6.0	Transport_NEG_aeroway around (Stralsund) radius=15.0
257	located_on_h3_cell	891f03b001bffff	h3place	https://www.openstreetmap.org/way/457746454	osmplace	False		6.0	Transport_NEG_aeroway around (Stralsund) radius=15.0
258	hasOSMTag	891f038484fffff	h3place	primary	osmtag	False	1.0		Transport_NEG_aeroway around (Stralsund) radius=15.0
259	located_on_h3_cell	891f03b0e07ffff	h3place	https://www.openstreetmap.org/way/764156228	osmplace	False		6.0	Transport_NEG_aeroway around (Stralsund) radius=15.0
260	hasOSMTag	industrial	osmtag	891f03b148fffff	h3place	False	1.0		Environment_NEG_geological around (Stralsund) radius=15.0
261	located_on_h3_cell	https://www.openstreetmap.org/way/312919455	osmplace	891f0386167ffff	h3place	False		6.0	Transport_NEG_aeroway around (Stralsund) radius=15.0
262	located_on_h3_cell	891f0386963ffff	h3place	https://www.openstreetmap.org/way/439462774	osmplace	False		6.0	Transport_NEG_aeroway around (Stralsund) radius=15.0
263	located_on_h3_cell	https://www.openstreetmap.org/way/439462769	osmplace	891f03b36dbffff	h3place	False		6.0	Transport_NEG_aeroway around (Stralsund) radius=15.0
264	located_on_h3_cell	https://www.openstreetmap.org/way/439462768	osmplace	891f0386977ffff	h3place	False		6.0	Transport_NEG_aeroway around (Stralsund) radius=15.0
265	hasOSMTag	primary	osmtag	891f03ba01bffff	h3place	False	1.0		Transport_NEG_aeroway around (Stralsund) radius=15.0
266	located_on_h3_cell	https://www.openstreetmap.org/way/318120161	osmplace	891f0149dd7ffff	h3place	False		6.0	Transport_NEG_aeroway around (Stralsund) radius=15.0
267	hasOSMTag	primary	osmtag	891f0386a17ffff	h3place	False	4.0		Transport_NEG_aeroway around (Stralsund) radius=15.0
268	located_on_h3_cell	https://www.openstreetmap.org/way/312919463	osmplace	891f0386ec7ffff	h3place	False		6.0	Transport_NEG_aeroway around (Stralsund) radius=15.0
269	hasOSMTag	891f03b0ccfffff	h3place	primary	osmtag	False	1.0		Transport_NEG_aeroway around (Stralsund) radius=15.0
270	located_on_h3_cell	https://www.openstreetmap.org/way/312919454	osmplace	891f0386173ffff	h3place	False		6.0	Transport_NEG_aeroway around (Stralsund) radius=15.0
271	hasOSMTag	trunk	osmtag	891f0386ba7ffff	h3place	False	2.0		Transport_NEG_aeroway around (Stralsund) radius=15.0
272	located_on_h3_cell	891f03ba23bffff	h3place	https://www.openstreetmap.org/way/226040779	osmplace	False		6.0	Transport_NEG_aeroway around (Stralsund) radius=15.0
273	hasOSMTag	891f038618fffff	h3place	primary	osmtag	False	1.0		Transport_NEG_aeroway around (Stralsund) radius=15.0
274	hasOSMTag	891f0386a13ffff	h3place	primary	osmtag	False	5.0		Transport_NEG_aeroway around (Stralsund) radius=15.0
275	located_on_h3_cell	https://www.openstreetmap.org/way/383572855	osmplace	891f03b3363ffff	h3place	False		6.0	Transport_NEG_aeroway around (Stralsund) radius=15.0
276	located_on_h3_cell	891f0386e77ffff	h3place	https://www.openstreetmap.org/way/371412655	osmplace	False		6.0	Transport_NEG_aeroway around (Stralsund) radius=15.0
277	located_on_h3_cell	https://www.openstreetmap.org/way/439463484	osmplace	891f0386933ffff	h3place	False		6.0	Transport_NEG_aeroway around (Stralsund) radius=15.0
278	located_on_h3_cell	891f03bb38bffff	h3place	https://www.openstreetmap.org/way/312929964	osmplace	False		6.0	Transport_NEG_aeroway around (Stralsund) radius=15.0
279	located_on_h3_cell	https://www.openstreetmap.org/way/439462766	osmplace	891f0386ba7ffff	h3place	False		6.0	Transport_NEG_aeroway around (Stralsund) radius=15.0
280	located_on_h3_cell	891f03b36dbffff	h3place	https://www.openstreetmap.org/way/439462772	osmplace	False		6.0	Transport_NEG_aeroway around (Stralsund) radius=15.0
281	located_on_h3_cell	891f03ba01bffff	h3place	https://www.openstreetmap.org/way/609470591	osmplace	False		6.0	Transport_NEG_aeroway around (Stralsund) radius=15.0
282	hasOSMTag	trunk	osmtag	891f0149a07ffff	h3place	False	2.0		Transport_NEG_aeroway around (Stralsund) radius=15.0
283	located_on_h3_cell	https://www.openstreetmap.org/way/667016250	osmplace	891f0386a17ffff	h3place	False		6.0	Transport_NEG_aeroway around (Stralsund) radius=15.0
284	located_on_h3_cell	https://www.openstreetmap.org/way/666033980	osmplace	891f03b2a73ffff	h3place	False		6.0	Transport_NEG_aeroway around (Stralsund) radius=15.0
285	located_on_h3_cell	https://www.openstreetmap.org/way/639120767	osmplace	891f03b0137ffff	h3place	False		6.0	Transport_NEG_aeroway around (Stralsund) radius=15.0
286	located_on_h3_cell	891f0149dc3ffff	h3place	https://www.openstreetmap.org/way/318120165	osmplace	False		6.0	Transport_NEG_aeroway around (Stralsund) radius=15.0
287	hasOSMTag	891f03bb113ffff	h3place	primary	osmtag	False	1.0		Transport_NEG_aeroway around (Stralsund) radius=15.0
288	located_on_h3_cell	https://www.openstreetmap.org/way/685612462	osmplace	891f0386a13ffff	h3place	False		6.0	Transport_NEG_aeroway around (Stralsund) radius=15.0
289	located_on_h3_cell	https://www.openstreetmap.org/way/667011340	osmplace	891f03b337bffff	h3place	False		6.0	Transport_NEG_aeroway around (Stralsund) radius=15.0
290	located_on_h3_cell	891f03bb387ffff	h3place	https://www.openstreetmap.org/way/391514945	osmplace	False		6.0	Transport_NEG_aeroway around (Stralsund) radius=15.0
291	hasOSMTag	891f03b2a73ffff	h3place	trunk	osmtag	False	1.0		Transport_NEG_aeroway around (Stralsund) radius=15.0
292	hasOSMTag	891f0149a7bffff	h3place	trunk	osmtag	False	1.0		Transport_NEG_aeroway around (Stralsund) radius=15.0
293	hasOSMTag	trunk	osmtag	891f03b0e3bffff	h3place	False	1.0		Transport_NEG_aeroway around (Stralsund) radius=15.0
294	located_on_h3_cell	https://www.openstreetmap.org/way/393346691	osmplace	891f0386a3bffff	h3place	False		6.0	Transport_NEG_aeroway around (Stralsund) radius=15.0
295	located_on_h3_cell	https://www.openstreetmap.org/way/439464479	osmplace	891f0149843ffff	h3place	False		6.0	Transport_NEG_aeroway around (Stralsund) radius=15.0
296	located_on_h3_cell	https://www.openstreetmap.org/way/312929958	osmplace	891f0384847ffff	h3place	False		6.0	Transport_NEG_aeroway around (Stralsund) radius=15.0
297	located_on_h3_cell	https://www.openstreetmap.org/way/312919481	osmplace	891f0386a13ffff	h3place	False		6.0	Transport_NEG_aeroway around (Stralsund) radius=15.0
298	located_on_h3_cell	891f03ba2a7ffff	h3place	https://www.openstreetmap.org/way/312929962	osmplace	False		6.0	Transport_NEG_aeroway around (Stralsund) radius=15.0
299	located_on_h3_cell	891f0386a8bffff	h3place	https://www.openstreetmap.org/way/312919472	osmplace	False		6.0	Transport_NEG_aeroway around (Stralsund) radius=15.0
300	located_on_h3_cell	https://www.openstreetmap.org/way/439462762	osmplace	891f0386977ffff	h3place	False		6.0	Transport_NEG_aeroway around (Stralsund) radius=15.0
301	located_on_h3_cell	https://www.openstreetmap.org/way/439462770	osmplace	891f0386977ffff	h3place	False		6.0	Transport_NEG_aeroway around (Stralsund) radius=15.0
302	located_on_h3_cell	https://www.openstreetmap.org/relation/11727683	osmplace	891f014d66fffff	h3place	False		6.0	Environment_NEG_geological around (Stralsund) radius=15.0
303	located_on_h3_cell	https://www.openstreetmap.org/node/1994142279	osmplace	891f038638fffff	h3place	False		6.0	Lifestyle_NEG_shop around (Stralsund) radius=15.0
304	located_on_h3_cell	891f038693bffff	h3place	https://www.openstreetmap.org/way/439463485	osmplace	False		6.0	Transport_NEG_aeroway around (Stralsund) radius=15.0
305	located_on_h3_cell	891f0386e9bffff	h3place	https://www.openstreetmap.org/way/312919461	osmplace	False		6.0	Transport_NEG_aeroway around (Stralsund) radius=15.0
306	located_on_h3_cell	891f038484fffff	h3place	https://www.openstreetmap.org/way/393367723	osmplace	False		6.0	Transport_NEG_aeroway around (Stralsund) radius=15.0
307	hasOSMTag	891f03b36dbffff	h3place	trunk	osmtag	False	4.0		Transport_NEG_aeroway around (Stralsund) radius=15.0
308	located_on_h3_cell	891f0386a13ffff	h3place	https://www.openstreetmap.org/way/51849880	osmplace	False		6.0	Lifestyle_NEG_shop around (Stralsund) radius=15.0
309	hasOSMTag	891f03bb3c3ffff	h3place	primary	osmtag	False	1.0		Transport_NEG_aeroway around (Stralsund) radius=15.0
310	located_on_h3_cell	891f0386b37ffff	h3place	https://www.openstreetmap.org/way/439462775	osmplace	False		6.0	Transport_NEG_aeroway around (Stralsund) radius=15.0
311	hasOSMTag	industrial	osmtag	891f03b1373ffff	h3place	False	1.0		Environment_NEG_geological around (Stralsund) radius=15.0
312	located_on_h3_cell	891f0149abbffff	h3place	https://www.openstreetmap.org/way/439464275	osmplace	False		6.0	Transport_NEG_aeroway around (Stralsund) radius=15.0
313	hasOSMTag	trunk	osmtag	891f03869a7ffff	h3place	False	2.0		Transport_NEG_aeroway around (Stralsund) radius=15.0
314	hasOSMTag	quarry	osmtag	891f014d66fffff	h3place	False	1.0		Environment_NEG_geological around (Stralsund) radius=15.0
315	located_on_h3_cell	891f03865afffff	h3place	https://www.openstreetmap.org/way/312919448	osmplace	False		6.0	Transport_NEG_aeroway around (Stralsund) radius=15.0
316	hasOSMTag	891f03bb237ffff	h3place	primary	osmtag	False	1.0		Transport_NEG_aeroway around (Stralsund) radius=15.0
317	hasOSMTag	trunk	osmtag	891f03b2a6fffff	h3place	False	1.0		Transport_NEG_aeroway around (Stralsund) radius=15.0
318	located_on_h3_cell	https://www.openstreetmap.org/way/322698081	osmplace	891f0386a17ffff	h3place	False		6.0	Transport_NEG_aeroway around (Stralsund) radius=15.0
319	hasOSMTag	891f0386a9bffff	h3place	primary	osmtag	False	1.0		Transport_NEG_aeroway around (Stralsund) radius=15.0
320	located_on_h3_cell	891f03b2847ffff	h3place	https://www.openstreetmap.org/way/314179885	osmplace	False		6.0	Transport_NEG_aeroway around (Stralsund) radius=15.0
321	located_on_h3_cell	89754e64993ffff	h3place	-	osmplace	False		6.0	Services_NEG_amenity around (Stralsund) radius=15.0
322	located_on_h3_cell	891f0386a9bffff	h3place	https://www.openstreetmap.org/way/312919469	osmplace	False		6.0	Transport_NEG_aeroway around (Stralsund) radius=15.0
323	located_on_h3_cell	https://www.openstreetmap.org/way/244795807	osmplace	891f03bb14fffff	h3place	False		6.0	Transport_NEG_aeroway around (Stralsund) radius=15.0
324	located_on_h3_cell	https://www.openstreetmap.org/way/312929956	osmplace	891f0386a07ffff	h3place	False		6.0	Transport_NEG_aeroway around (Stralsund) radius=15.0
325	hasOSMTag	trunk	osmtag	891f0386b33ffff	h3place	False	2.0		Transport_NEG_aeroway around (Stralsund) radius=15.0
326	located_on_h3_cell	891f03b001bffff	h3place	https://www.openstreetmap.org/way/363888400	osmplace	False		6.0	Transport_NEG_aeroway around (Stralsund) radius=15.0
327	located_on_h3_cell	891f03ba3dbffff	h3place	https://www.openstreetmap.org/way/701712932	osmplace	False		6.0	Transport_NEG_aeroway around (Stralsund) radius=15.0
328	located_on_h3_cell	891f03b3363ffff	h3place	https://www.openstreetmap.org/way/393367685	osmplace	False		6.0	Transport_NEG_aeroway around (Stralsund) radius=15.0
329	located_on_h3_cell	https://www.openstreetmap.org/way/187991938	osmplace	891f0386ec7ffff	h3place	False		6.0	Lifestyle_NEG_shop around (Stralsund) radius=15.0
330	located_on_h3_cell	https://www.openstreetmap.org/way/823184536	osmplace	891f03b1373ffff	h3place	False		6.0	Environment_NEG_geological around (Stralsund) radius=15.0
331	located_on_h3_cell	891f0384847ffff	h3place	https://www.openstreetmap.org/way/904395856	osmplace	False		6.0	Transport_NEG_aeroway around (Stralsund) radius=15.0
332	hasOSMTag	trunk	osmtag	891f01480a3ffff	h3place	False	1.0		Transport_NEG_aeroway around (Stralsund) radius=15.0
333	located_on_h3_cell	https://www.openstreetmap.org/way/273445750	osmplace	891f014d2cbffff	h3place	False		6.0	Environment_NEG_geological around (Stralsund) radius=15.0
334	hasOSMTag	primary	osmtag	891f03bb387ffff	h3place	False	1.0		Transport_NEG_aeroway around (Stralsund) radius=15.0
335	hasOSMTag	891f014b647ffff	h3place	primary	osmtag	False	1.0		Transport_NEG_aeroway around (Stralsund) radius=15.0
336	located_on_h3_cell	891f03869afffff	h3place	https://www.openstreetmap.org/way/439463818	osmplace	False		6.0	Transport_NEG_aeroway around (Stralsund) radius=15.0
337	located_on_h3_cell	891f0149abbffff	h3place	https://www.openstreetmap.org/way/439464276	osmplace	False		6.0	Transport_NEG_aeroway around (Stralsund) radius=15.0
338	located_on_h3_cell	https://www.openstreetmap.org/way/308988460	osmplace	891f03b060bffff	h3place	False		6.0	Transport_NEG_aeroway around (Stralsund) radius=15.0
339	located_on_h3_cell	891f03b0cc3ffff	h3place	https://www.openstreetmap.org/way/666033982	osmplace	False		6.0	Transport_NEG_aeroway around (Stralsund) radius=15.0
340	hasOSMTag	trunk	osmtag	891f03b2a73ffff	h3place	False	1.0		Transport_NEG_aeroway around (Stralsund) radius=15.0
341	hasOSMTag	primary	osmtag	891f038618fffff	h3place	False	1.0		Transport_NEG_aeroway around (Stralsund) radius=15.0
342	located_on_h3_cell	891f01480a3ffff	h3place	https://www.openstreetmap.org/way/32024277	osmplace	False		6.0	Transport_NEG_aeroway around (Stralsund) radius=15.0
343	located_on_h3_cell	https://www.openstreetmap.org/way/322698078	osmplace	891f0386a17ffff	h3place	False		6.0	Transport_NEG_aeroway around (Stralsund) radius=15.0
344	located_on_h3_cell	https://www.openstreetmap.org/way/312919461	osmplace	891f0386e9bffff	h3place	False		6.0	Transport_NEG_aeroway around (Stralsund) radius=15.0
345	located_on_h3_cell	891f03b0e07ffff	h3place	https://www.openstreetmap.org/way/764156227	osmplace	False		6.0	Transport_NEG_aeroway around (Stralsund) radius=15.0
346	located_on_h3_cell	891f03b0037ffff	h3place	https://www.openstreetmap.org/way/639120770	osmplace	False		6.0	Transport_NEG_aeroway around (Stralsund) radius=15.0
347	located_on_h3_cell	https://www.openstreetmap.org/way/439458114	osmplace	891f0386b33ffff	h3place	False		6.0	Transport_NEG_aeroway around (Stralsund) radius=15.0
348	located_on_h3_cell	891f03869a7ffff	h3place	https://www.openstreetmap.org/way/439463825	osmplace	False		6.0	Transport_NEG_aeroway around (Stralsund) radius=15.0
349	hasOSMTag	891f0386a13ffff	h3place	fast_food	osmtag	False	1.0		Lifestyle_NEG_shop around (Stralsund) radius=15.0
350	located_on_h3_cell	891f0149843ffff	h3place	https://www.openstreetmap.org/way/439464480	osmplace	False		6.0	Transport_NEG_aeroway around (Stralsund) radius=15.0
351	hasOSMTag	trunk	osmtag	891f03869afffff	h3place	False	7.0		Transport_NEG_aeroway around (Stralsund) radius=15.0
352	hasOSMTag	trunk	osmtag	891f0149a7bffff	h3place	False	1.0		Transport_NEG_aeroway around (Stralsund) radius=15.0
353	hasOSMTag	primary	osmtag	891f0384c3bffff	h3place	False	1.0		Transport_NEG_aeroway around (Stralsund) radius=15.0
354	located_on_h3_cell	891f0386a17ffff	h3place	https://www.openstreetmap.org/way/322698080	osmplace	False		6.0	Transport_NEG_aeroway around (Stralsund) radius=15.0
355	located_on_h3_cell	891f03b337bffff	h3place	https://www.openstreetmap.org/way/667011336	osmplace	False		6.0	Transport_NEG_aeroway around (Stralsund) radius=15.0
356	hasOSMTag	891f0149843ffff	h3place	trunk	osmtag	False	6.0		Transport_NEG_aeroway around (Stralsund) radius=15.0
357	hasOSMTag	industrial	osmtag	891f01482afffff	h3place	False	1.0		Environment_NEG_geological around (Stralsund) radius=15.0
358	located_on_h3_cell	891f03b337bffff	h3place	https://www.openstreetmap.org/way/667011344	osmplace	False		6.0	Transport_NEG_aeroway around (Stralsund) radius=15.0
359	located_on_h3_cell	891f03ba487ffff	h3place	https://www.openstreetmap.org/way/609473780	osmplace	False		6.0	Transport_NEG_aeroway around (Stralsund) radius=15.0
360	located_on_h3_cell	https://www.openstreetmap.org/way/667011344	osmplace	891f03b337bffff	h3place	False		6.0	Transport_NEG_aeroway around (Stralsund) radius=15.0
361	hasOSMTag	891f03bb387ffff	h3place	primary	osmtag	False	1.0		Transport_NEG_aeroway around (Stralsund) radius=15.0
362	hasOSMTag	891f0149a17ffff	h3place	trunk	osmtag	False	3.0		Transport_NEG_aeroway around (Stralsund) radius=15.0
363	located_on_h3_cell	891f03b013bffff	h3place	https://www.openstreetmap.org/way/368397714	osmplace	False		6.0	Transport_NEG_aeroway around (Stralsund) radius=15.0
364	hasOSMTag	trunk	osmtag	891f0149a73ffff	h3place	False	6.0		Transport_NEG_aeroway around (Stralsund) radius=15.0
365	hasOSMTag	891f03ba487ffff	h3place	primary	osmtag	False	1.0		Transport_NEG_aeroway around (Stralsund) radius=15.0
366	hasOSMTag	891f0386e0bffff	h3place	primary	osmtag	False	1.0		Transport_NEG_aeroway around (Stralsund) radius=15.0
367	located_on_h3_cell	891f0386a13ffff	h3place	https://www.openstreetmap.org/way/685612462	osmplace	False		6.0	Transport_NEG_aeroway around (Stralsund) radius=15.0
368	located_on_h3_cell	https://www.openstreetmap.org/way/457753723	osmplace	891f03b0003ffff	h3place	False		6.0	Transport_NEG_aeroway around (Stralsund) radius=15.0
369	located_on_h3_cell	https://www.openstreetmap.org/way/318120165	osmplace	891f0149dc3ffff	h3place	False		6.0	Transport_NEG_aeroway around (Stralsund) radius=15.0
370	located_on_h3_cell	891f0149dc3ffff	h3place	https://www.openstreetmap.org/way/318120168	osmplace	False		6.0	Transport_NEG_aeroway around (Stralsund) radius=15.0
371	located_on_h3_cell	https://www.openstreetmap.org/way/322698080	osmplace	891f0386a17ffff	h3place	False		6.0	Transport_NEG_aeroway around (Stralsund) radius=15.0
372	located_on_h3_cell	891f0386a13ffff	h3place	https://www.openstreetmap.org/way/667016244	osmplace	False		6.0	Transport_NEG_aeroway around (Stralsund) radius=15.0
373	hasOSMTag	891f0386a8bffff	h3place	primary	osmtag	False	1.0		Transport_NEG_aeroway around (Stralsund) radius=15.0
374	located_on_h3_cell	https://www.openstreetmap.org/way/312919451	osmplace	891f038610bffff	h3place	False		6.0	Transport_NEG_aeroway around (Stralsund) radius=15.0
375	located_on_h3_cell	https://www.openstreetmap.org/way/667016244	osmplace	891f0386a13ffff	h3place	False		6.0	Transport_NEG_aeroway around (Stralsund) radius=15.0
376	hasOSMTag	891f014d66fffff	h3place	quarry	osmtag	False	1.0		Environment_NEG_geological around (Stralsund) radius=15.0
377	hasOSMTag	891f03b013bffff	h3place	primary	osmtag	False	1.0		Transport_NEG_aeroway around (Stralsund) radius=15.0
378	located_on_h3_cell	891f0386e1bffff	h3place	https://www.openstreetmap.org/way/312919464	osmplace	False		6.0	Transport_NEG_aeroway around (Stralsund) radius=15.0
379	located_on_h3_cell	891f0149a63ffff	h3place	https://www.openstreetmap.org/way/439464122	osmplace	False		6.0	Transport_NEG_aeroway around (Stralsund) radius=15.0
380	located_on_h3_cell	891f03b337bffff	h3place	https://www.openstreetmap.org/way/667011340	osmplace	False		6.0	Transport_NEG_aeroway around (Stralsund) radius=15.0
381	hasOSMTag	primary	osmtag	891f03bb38bffff	h3place	False	1.0		Transport_NEG_aeroway around (Stralsund) radius=15.0
382	located_on_h3_cell	https://www.openstreetmap.org/way/315352964	osmplace	891f0386e77ffff	h3place	False		6.0	Transport_NEG_aeroway around (Stralsund) radius=15.0
383	hasOSMTag	891f03b0037ffff	h3place	primary	osmtag	False	2.0		Transport_NEG_aeroway around (Stralsund) radius=15.0
384	hasOSMTag	primary	osmtag	891f038484fffff	h3place	False	1.0		Transport_NEG_aeroway around (Stralsund) radius=15.0
385	hasOSMTag	department_store	osmtag	891f0386a17ffff	h3place	False	1.0		Lifestyle_NEG_shop around (Stralsund) radius=15.0
386	hasOSMTag	fast_food	osmtag	891f038638fffff	h3place	False	1.0		Lifestyle_NEG_shop around (Stralsund) radius=15.0
387	located_on_h3_cell	891f03bb3d7ffff	h3place	https://www.openstreetmap.org/way/244795809	osmplace	False		6.0	Transport_NEG_aeroway around (Stralsund) radius=15.0
388	hasOSMTag	fast_food	osmtag	891f0386333ffff	h3place	False	1.0		Lifestyle_NEG_shop around (Stralsund) radius=15.0
389	hasOSMTag	primary	osmtag	891f0386113ffff	h3place	False	1.0		Transport_NEG_aeroway around (Stralsund) radius=15.0
390	hasOSMTag	primary	osmtag	891f014b647ffff	h3place	False	1.0		Transport_NEG_aeroway around (Stralsund) radius=15.0
391	hasOSMTag	primary	osmtag	891f0386ec7ffff	h3place	False	1.0		Transport_NEG_aeroway around (Stralsund) radius=15.0
392	located_on_h3_cell	https://www.openstreetmap.org/way/244795805	osmplace	891f03bb14bffff	h3place	False		6.0	Transport_NEG_aeroway around (Stralsund) radius=15.0
393	hasOSMTag	primary	osmtag	891f03865afffff	h3place	False	1.0		Transport_NEG_aeroway around (Stralsund) radius=15.0
394	located_on_h3_cell	https://www.openstreetmap.org/way/904395856	osmplace	891f0384847ffff	h3place	False		6.0	Transport_NEG_aeroway around (Stralsund) radius=15.0
395	hasOSMTag	trunk	osmtag	891f0149dc3ffff	h3place	False	3.0		Transport_NEG_aeroway around (Stralsund) radius=15.0
396	hasOSMTag	primary	osmtag	891f03bb3d7ffff	h3place	False	2.0		Transport_NEG_aeroway around (Stralsund) radius=15.0
397	located_on_h3_cell	https://www.openstreetmap.org/way/314179885	osmplace	891f03b2847ffff	h3place	False		6.0	Transport_NEG_aeroway around (Stralsund) radius=15.0
398	located_on_h3_cell	891f03869afffff	h3place	https://www.openstreetmap.org/way/439463822	osmplace	False		6.0	Transport_NEG_aeroway around (Stralsund) radius=15.0
399	hasOSMTag	primary	osmtag	891f0386a3bffff	h3place	False	1.0		Transport_NEG_aeroway around (Stralsund) radius=15.0
400	located_on_h3_cell	891f03ba3dbffff	h3place	https://www.openstreetmap.org/way/226040782	osmplace	False		6.0	Transport_NEG_aeroway around (Stralsund) radius=15.0
401	hasOSMTag	primary	osmtag	891f0149657ffff	h3place	False	1.0		Transport_NEG_aeroway around (Stralsund) radius=15.0
402	located_on_h3_cell	https://www.openstreetmap.org/way/371412655	osmplace	891f0386e77ffff	h3place	False		6.0	Transport_NEG_aeroway around (Stralsund) radius=15.0
403	hasOSMTag	trunk	osmtag	891f0149abbffff	h3place	False	3.0		Transport_NEG_aeroway around (Stralsund) radius=15.0
404	hasOSMTag	primary	osmtag	891f03ba487ffff	h3place	False	1.0		Transport_NEG_aeroway around (Stralsund) radius=15.0
405	located_on_h3_cell	891f0149843ffff	h3place	https://www.openstreetmap.org/way/439464485	osmplace	False		6.0	Transport_NEG_aeroway around (Stralsund) radius=15.0
406	located_on_h3_cell	https://www.openstreetmap.org/way/439464485	osmplace	891f0149843ffff	h3place	False		6.0	Transport_NEG_aeroway around (Stralsund) radius=15.0
407	located_on_h3_cell	891f03869afffff	h3place	https://www.openstreetmap.org/way/439463820	osmplace	False		6.0	Transport_NEG_aeroway around (Stralsund) radius=15.0
408	located_on_h3_cell	https://www.openstreetmap.org/way/318120166	osmplace	891f0149dd7ffff	h3place	False		6.0	Transport_NEG_aeroway around (Stralsund) radius=15.0
409	hasOSMTag	1	osmtag	89754e64993ffff	h3place	False	1.0		Services_NEG_amenity around (Stralsund) radius=15.0
410	hasOSMTag	primary	osmtag	891f0386167ffff	h3place	False	2.0		Transport_NEG_aeroway around (Stralsund) radius=15.0
411	located_on_h3_cell	https://www.openstreetmap.org/way/312929955	osmplace	891f0386a07ffff	h3place	False		6.0	Transport_NEG_aeroway around (Stralsund) radius=15.0
412	hasOSMTag	primary	osmtag	891f03b0657ffff	h3place	False	2.0		Transport_NEG_aeroway around (Stralsund) radius=15.0
413	hasOSMTag	trunk	osmtag	891f0149a63ffff	h3place	False	1.0		Transport_NEG_aeroway around (Stralsund) radius=15.0
414	located_on_h3_cell	891f0386a13ffff	h3place	https://www.openstreetmap.org/way/322698079	osmplace	False		6.0	Transport_NEG_aeroway around (Stralsund) radius=15.0
415	located_on_h3_cell	891f0149843ffff	h3place	https://www.openstreetmap.org/way/439464482	osmplace	False		6.0	Transport_NEG_aeroway around (Stralsund) radius=15.0
416	hasOSMTag	primary	osmtag	891f03b01cbffff	h3place	False	1.0		Transport_NEG_aeroway around (Stralsund) radius=15.0
417	hasOSMTag	891f0148317ffff	h3place	trunk	osmtag	False	1.0		Transport_NEG_aeroway around (Stralsund) radius=15.0
418	hasOSMTag	primary	osmtag	891f03b013bffff	h3place	False	1.0		Transport_NEG_aeroway around (Stralsund) radius=15.0
419	located_on_h3_cell	891f03b0657ffff	h3place	https://www.openstreetmap.org/way/457751293	osmplace	False		6.0	Transport_NEG_aeroway around (Stralsund) radius=15.0
420	hasOSMTag	891f03b0e07ffff	h3place	trunk	osmtag	False	2.0		Transport_NEG_aeroway around (Stralsund) radius=15.0
421	hasOSMTag	primary	osmtag	891f0386e8bffff	h3place	False	1.0		Transport_NEG_aeroway around (Stralsund) radius=15.0
422	hasOSMTag	primary	osmtag	891f03bb18fffff	h3place	False	1.0		Transport_NEG_aeroway around (Stralsund) radius=15.0
423	located_on_h3_cell	https://www.openstreetmap.org/way/439463485	osmplace	891f038693bffff	h3place	False		6.0	Transport_NEG_aeroway around (Stralsund) radius=15.0
424	hasOSMTag	891f0386183ffff	h3place	primary	osmtag	False	1.0		Transport_NEG_aeroway around (Stralsund) radius=15.0
425	located_on_h3_cell	https://www.openstreetmap.org/way/439464278	osmplace	891f0149abbffff	h3place	False		6.0	Transport_NEG_aeroway around (Stralsund) radius=15.0
426	located_on_h3_cell	https://www.openstreetmap.org/way/456963668	osmplace	891f0386a17ffff	h3place	False		6.0	Lifestyle_NEG_shop around (Stralsund) radius=15.0
427	located_on_h3_cell	https://www.openstreetmap.org/way/439464117	osmplace	891f0149a73ffff	h3place	False		6.0	Transport_NEG_aeroway around (Stralsund) radius=15.0
428	located_on_h3_cell	https://www.openstreetmap.org/way/439463824	osmplace	891f03869afffff	h3place	False		6.0	Transport_NEG_aeroway around (Stralsund) radius=15.0
429	located_on_h3_cell	https://www.openstreetmap.org/way/312919448	osmplace	891f03865afffff	h3place	False		6.0	Transport_NEG_aeroway around (Stralsund) radius=15.0
430	hasOSMTag	891f03b0657ffff	h3place	primary	osmtag	False	2.0		Transport_NEG_aeroway around (Stralsund) radius=15.0
431	located_on_h3_cell	https://www.openstreetmap.org/way/312929962	osmplace	891f03ba2a7ffff	h3place	False		6.0	Transport_NEG_aeroway around (Stralsund) radius=15.0
432	hasOSMTag	trunk	osmtag	891f03b36dbffff	h3place	False	4.0		Transport_NEG_aeroway around (Stralsund) radius=15.0
433	hasOSMTag	primary	osmtag	891f0386a8bffff	h3place	False	1.0		Transport_NEG_aeroway around (Stralsund) radius=15.0
434	hasOSMTag	primary	osmtag	891f03b0137ffff	h3place	False	1.0		Transport_NEG_aeroway around (Stralsund) radius=15.0
435	located_on_h3_cell	https://www.openstreetmap.org/way/439464277	osmplace	891f0149a17ffff	h3place	False		6.0	Transport_NEG_aeroway around (Stralsund) radius=15.0
436	hasOSMTag	primary	osmtag	891f03b0603ffff	h3place	False	1.0		Transport_NEG_aeroway around (Stralsund) radius=15.0
437	located_on_h3_cell	891f03bb17bffff	h3place	https://www.openstreetmap.org/way/378367936	osmplace	False		6.0	Transport_NEG_aeroway around (Stralsund) radius=15.0
438	located_on_h3_cell	-	osmplace	89754e64993ffff	h3place	False		6.0	Services_NEG_amenity around (Stralsund) radius=15.0
439	hasOSMTag	primary	osmtag	891f0386a07ffff	h3place	False	2.0		Transport_NEG_aeroway around (Stralsund) radius=15.0
440	hasOSMTag	primary	osmtag	891f03b14b7ffff	h3place	False	2.0		Transport_NEG_aeroway around (Stralsund) radius=15.0
441	hasOSMTag	primary	osmtag	891f03bb113ffff	h3place	False	1.0		Transport_NEG_aeroway around (Stralsund) radius=15.0
442	hasOSMTag	primary	osmtag	891f0386e9bffff	h3place	False	3.0		Transport_NEG_aeroway around (Stralsund) radius=15.0
443	hasOSMTag	891f0149d5bffff	h3place	trunk	osmtag	False	1.0		Transport_NEG_aeroway around (Stralsund) radius=15.0
444	hasOSMTag	891f03b148fffff	h3place	industrial	osmtag	False	1.0		Environment_NEG_geological around (Stralsund) radius=15.0
445	located_on_h3_cell	891f03b3363ffff	h3place	https://www.openstreetmap.org/way/383572855	osmplace	False		6.0	Transport_NEG_aeroway around (Stralsund) radius=15.0
446	hasOSMTag	primary	osmtag	891f03b0003ffff	h3place	False	2.0		Transport_NEG_aeroway around (Stralsund) radius=15.0
447	located_on_h3_cell	https://www.openstreetmap.org/way/439462763	osmplace	891f0386977ffff	h3place	False		6.0	Transport_NEG_aeroway around (Stralsund) radius=15.0
448	hasOSMTag	primary	osmtag	891f03b011bffff	h3place	False	1.0		Transport_NEG_aeroway around (Stralsund) radius=15.0
449	located_on_h3_cell	891f0386e8bffff	h3place	https://www.openstreetmap.org/way/312919462	osmplace	False		6.0	Transport_NEG_aeroway around (Stralsund) radius=15.0
450	located_on_h3_cell	891f03b001bffff	h3place	https://www.openstreetmap.org/way/639120778	osmplace	False		6.0	Transport_NEG_aeroway around (Stralsund) radius=15.0
451	hasOSMTag	891f0386bafffff	h3place	trunk	osmtag	False	1.0		Transport_NEG_aeroway around (Stralsund) radius=15.0
452	located_on_h3_cell	891f03b0137ffff	h3place	https://www.openstreetmap.org/way/639120767	osmplace	False		6.0	Transport_NEG_aeroway around (Stralsund) radius=15.0
453	hasOSMTag	primary	osmtag	891f03b0ccbffff	h3place	False	1.0		Transport_NEG_aeroway around (Stralsund) radius=15.0
454	hasOSMTag	primary	osmtag	891f03b332fffff	h3place	False	1.0		Transport_NEG_aeroway around (Stralsund) radius=15.0
455	hasOSMTag	primary	osmtag	891f03b0037ffff	h3place	False	2.0		Transport_NEG_aeroway around (Stralsund) radius=15.0
456	hasOSMTag	primary	osmtag	891f0386a9bffff	h3place	False	1.0		Transport_NEG_aeroway around (Stralsund) radius=15.0
457	hasOSMTag	trunk	osmtag	891f0148317ffff	h3place	False	1.0		Transport_NEG_aeroway around (Stralsund) radius=15.0
458	hasOSMTag	primary	osmtag	891f03b060bffff	h3place	False	2.0		Transport_NEG_aeroway around (Stralsund) radius=15.0
459	located_on_h3_cell	891f0386977ffff	h3place	https://www.openstreetmap.org/way/439462763	osmplace	False		6.0	Transport_NEG_aeroway around (Stralsund) radius=15.0
460	hasOSMTag	primary	osmtag	891f03b06abffff	h3place	False	2.0		Transport_NEG_aeroway around (Stralsund) radius=15.0
461	hasOSMTag	891f03b0e97ffff	h3place	trunk	osmtag	False	1.0		Transport_NEG_aeroway around (Stralsund) radius=15.0
462	located_on_h3_cell	891f0148217ffff	h3place	https://www.openstreetmap.org/way/605726652	osmplace	False		6.0	Environment_NEG_geological around (Stralsund) radius=15.0
463	located_on_h3_cell	https://www.openstreetmap.org/way/889163048	osmplace	891f038744bffff	h3place	False		6.0	Environment_NEG_geological around (Stralsund) radius=15.0
464	located_on_h3_cell	https://www.openstreetmap.org/way/424621715	osmplace	891f038618fffff	h3place	False		6.0	Transport_NEG_aeroway around (Stralsund) radius=15.0
465	located_on_h3_cell	https://www.openstreetmap.org/way/244795808	osmplace	891f03bb3d7ffff	h3place	False		6.0	Transport_NEG_aeroway around (Stralsund) radius=15.0
466	hasOSMTag	primary	osmtag	891f03ba3dbffff	h3place	False	2.0		Transport_NEG_aeroway around (Stralsund) radius=15.0
467	hasOSMTag	primary	osmtag	891f03b0ccfffff	h3place	False	1.0		Transport_NEG_aeroway around (Stralsund) radius=15.0
468	hasOSMTag	primary	osmtag	891f03bb14bffff	h3place	False	1.0		Transport_NEG_aeroway around (Stralsund) radius=15.0
469	located_on_h3_cell	891f0384c3bffff	h3place	https://www.openstreetmap.org/way/393367692	osmplace	False		6.0	Transport_NEG_aeroway around (Stralsund) radius=15.0
470	located_on_h3_cell	891f03b0003ffff	h3place	https://www.openstreetmap.org/way/457753723	osmplace	False		6.0	Transport_NEG_aeroway around (Stralsund) radius=15.0
471	located_on_h3_cell	891f0386933ffff	h3place	https://www.openstreetmap.org/way/439463482	osmplace	False		6.0	Transport_NEG_aeroway around (Stralsund) radius=15.0
472	hasOSMTag	primary	osmtag	891f03b0157ffff	h3place	False	1.0		Transport_NEG_aeroway around (Stralsund) radius=15.0
473	located_on_h3_cell	https://www.openstreetmap.org/way/294237627	osmplace	891f038610bffff	h3place	False		6.0	Transport_NEG_aeroway around (Stralsund) radius=15.0
474	hasOSMTag	891f038610bffff	h3place	primary	osmtag	False	2.0		Transport_NEG_aeroway around (Stralsund) radius=15.0
475	hasOSMTag	trunk	osmtag	891f0149ab3ffff	h3place	False	2.0		Transport_NEG_aeroway around (Stralsund) radius=15.0
476	hasOSMTag	primary	osmtag	891f03bb3c3ffff	h3place	False	1.0		Transport_NEG_aeroway around (Stralsund) radius=15.0
477	hasOSMTag	trunk	osmtag	891f03b0c53ffff	h3place	False	1.0		Transport_NEG_aeroway around (Stralsund) radius=15.0
478	located_on_h3_cell	891f03bb17bffff	h3place	https://www.openstreetmap.org/way/701712931	osmplace	False		6.0	Transport_NEG_aeroway around (Stralsund) radius=15.0
479	hasOSMTag	fast_food	osmtag	891f0386ec7ffff	h3place	False	1.0		Lifestyle_NEG_shop around (Stralsund) radius=15.0
480	hasOSMTag	industrial	osmtag	891f038499bffff	h3place	False	1.0		Environment_NEG_geological around (Stralsund) radius=15.0
481	located_on_h3_cell	891f0386a17ffff	h3place	https://www.openstreetmap.org/way/456963668	osmplace	False		6.0	Lifestyle_NEG_shop around (Stralsund) radius=15.0
482	located_on_h3_cell	891f03b36dbffff	h3place	https://www.openstreetmap.org/way/439462771	osmplace	False		6.0	Transport_NEG_aeroway around (Stralsund) radius=15.0
483	hasOSMTag	primary	osmtag	891f0386e0fffff	h3place	False	2.0		Transport_NEG_aeroway around (Stralsund) radius=15.0
484	located_on_h3_cell	https://www.openstreetmap.org/way/439464281	osmplace	891f0149a07ffff	h3place	False		6.0	Transport_NEG_aeroway around (Stralsund) radius=15.0
485	located_on_h3_cell	https://www.openstreetmap.org/way/439462774	osmplace	891f0386963ffff	h3place	False		6.0	Transport_NEG_aeroway around (Stralsund) radius=15.0
486	hasOSMTag	891f03bb6cbffff	h3place	military	osmtag	False	1.0		Environment_NEG_geological around (Stralsund) radius=15.0
487	hasOSMTag	primary	osmtag	891f0386a13ffff	h3place	False	5.0		Transport_NEG_aeroway around (Stralsund) radius=15.0
488	located_on_h3_cell	891f0386113ffff	h3place	https://www.openstreetmap.org/way/424621714	osmplace	False		6.0	Transport_NEG_aeroway around (Stralsund) radius=15.0
489	located_on_h3_cell	891f03b060bffff	h3place	https://www.openstreetmap.org/way/457751292	osmplace	False		6.0	Transport_NEG_aeroway around (Stralsund) radius=15.0
490	located_on_h3_cell	891f03b060bffff	h3place	https://www.openstreetmap.org/way/308988460	osmplace	False		6.0	Transport_NEG_aeroway around (Stralsund) radius=15.0
491	located_on_h3_cell	891f03869afffff	h3place	https://www.openstreetmap.org/way/439463824	osmplace	False		6.0	Transport_NEG_aeroway around (Stralsund) radius=15.0
492	hasOSMTag	trunk	osmtag	891f0386b37ffff	h3place	False	1.0		Transport_NEG_aeroway around (Stralsund) radius=15.0
493	located_on_h3_cell	https://www.openstreetmap.org/way/639120773	osmplace	891f03b01cbffff	h3place	False		6.0	Transport_NEG_aeroway around (Stralsund) radius=15.0
494	hasOSMTag	891f0386113ffff	h3place	primary	osmtag	False	1.0		Transport_NEG_aeroway around (Stralsund) radius=15.0
495	located_on_h3_cell	891f03869afffff	h3place	https://www.openstreetmap.org/way/439463819	osmplace	False		6.0	Transport_NEG_aeroway around (Stralsund) radius=15.0
496	located_on_h3_cell	891f03b148fffff	h3place	https://www.openstreetmap.org/way/565281455	osmplace	False		6.0	Environment_NEG_geological around (Stralsund) radius=15.0
497	hasOSMTag	industrial	osmtag	891f0148217ffff	h3place	False	1.0		Environment_NEG_geological around (Stralsund) radius=15.0
498	hasOSMTag	industrial	osmtag	891f038744bffff	h3place	False	1.0		Environment_NEG_geological around (Stralsund) radius=15.0
499	located_on_h3_cell	https://www.openstreetmap.org/way/439464275	osmplace	891f0149abbffff	h3place	False		6.0	Transport_NEG_aeroway around (Stralsund) radius=15.0
500	hasOSMTag	industrial	osmtag	891f014d2cbffff	h3place	False	1.0		Environment_NEG_geological around (Stralsund) radius=15.0
501	located_on_h3_cell	https://www.openstreetmap.org/way/391514945	osmplace	891f03bb387ffff	h3place	False		6.0	Transport_NEG_aeroway around (Stralsund) radius=15.0
502	hasOSMTag	891f0148217ffff	h3place	industrial	osmtag	False	1.0		Environment_NEG_geological around (Stralsund) radius=15.0
503	located_on_h3_cell	https://www.openstreetmap.org/way/226042659	osmplace	891f03bb113ffff	h3place	False		6.0	Transport_NEG_aeroway around (Stralsund) radius=15.0
504	located_on_h3_cell	891f03bb14fffff	h3place	https://www.openstreetmap.org/way/244795807	osmplace	False		6.0	Transport_NEG_aeroway around (Stralsund) radius=15.0
505	located_on_h3_cell	https://www.openstreetmap.org/way/439464122	osmplace	891f0149a63ffff	h3place	False		6.0	Transport_NEG_aeroway around (Stralsund) radius=15.0
506	located_on_h3_cell	891f0149a07ffff	h3place	https://www.openstreetmap.org/way/439464280	osmplace	False		6.0	Transport_NEG_aeroway around (Stralsund) radius=15.0
507	located_on_h3_cell	891f0386ec7ffff	h3place	https://www.openstreetmap.org/way/312919463	osmplace	False		6.0	Transport_NEG_aeroway around (Stralsund) radius=15.0
508	hasOSMTag	891f03b0e3bffff	h3place	trunk	osmtag	False	1.0		Transport_NEG_aeroway around (Stralsund) radius=15.0
509	hasOSMTag	891f0386ec7ffff	h3place	primary	osmtag	False	1.0		Transport_NEG_aeroway around (Stralsund) radius=15.0
510	located_on_h3_cell	891f03bb237ffff	h3place	https://www.openstreetmap.org/way/391514944	osmplace	False		6.0	Transport_NEG_aeroway around (Stralsund) radius=15.0
511	hasOSMTag	891f03865afffff	h3place	primary	osmtag	False	1.0		Transport_NEG_aeroway around (Stralsund) radius=15.0
512	located_on_h3_cell	https://www.openstreetmap.org/way/393367723	osmplace	891f038484fffff	h3place	False		6.0	Transport_NEG_aeroway around (Stralsund) radius=15.0
513	hasOSMTag	primary	osmtag	891f03bb237ffff	h3place	False	1.0		Transport_NEG_aeroway around (Stralsund) radius=15.0
514	hasOSMTag	military	osmtag	891f03bb6cbffff	h3place	False	1.0		Environment_NEG_geological around (Stralsund) radius=15.0
515	located_on_h3_cell	https://www.openstreetmap.org/way/439464483	osmplace	891f0149843ffff	h3place	False		6.0	Transport_NEG_aeroway around (Stralsund) radius=15.0
516	located_on_h3_cell	https://www.openstreetmap.org/way/439464482	osmplace	891f0149843ffff	h3place	False		6.0	Transport_NEG_aeroway around (Stralsund) radius=15.0
517	hasOSMTag	primary	osmtag	891f0386183ffff	h3place	False	1.0		Transport_NEG_aeroway around (Stralsund) radius=15.0
518	hasOSMTag	891f0386e1bffff	h3place	primary	osmtag	False	1.0		Transport_NEG_aeroway around (Stralsund) radius=15.0
519	located_on_h3_cell	https://www.openstreetmap.org/way/312919462	osmplace	891f0386e8bffff	h3place	False		6.0	Transport_NEG_aeroway around (Stralsund) radius=15.0
520	located_on_h3_cell	https://www.openstreetmap.org/way/439464279	osmplace	891f0149a17ffff	h3place	False		6.0	Transport_NEG_aeroway around (Stralsund) radius=15.0
521	located_on_h3_cell	https://www.openstreetmap.org/way/393346690	osmplace	891f0384c83ffff	h3place	False		6.0	Transport_NEG_aeroway around (Stralsund) radius=15.0
522	hasOSMTag	trunk	osmtag	891f03b0e07ffff	h3place	False	2.0		Transport_NEG_aeroway around (Stralsund) radius=15.0
523	hasOSMTag	891f0386ec7ffff	h3place	fast_food	osmtag	False	1.0		Lifestyle_NEG_shop around (Stralsund) radius=15.0
524	hasOSMTag	primary	osmtag	891f03b337bffff	h3place	False	4.0		Transport_NEG_aeroway around (Stralsund) radius=15.0
525	located_on_h3_cell	https://www.openstreetmap.org/way/457746454	osmplace	891f03b001bffff	h3place	False		6.0	Transport_NEG_aeroway around (Stralsund) radius=15.0
526	hasOSMTag	891f03b2847ffff	h3place	trunk	osmtag	False	1.0		Transport_NEG_aeroway around (Stralsund) radius=15.0
527	located_on_h3_cell	891f0386963ffff	h3place	https://www.openstreetmap.org/way/439462776	osmplace	False		6.0	Transport_NEG_aeroway around (Stralsund) radius=15.0
528	hasOSMTag	primary	osmtag	891f038610bffff	h3place	False	2.0		Transport_NEG_aeroway around (Stralsund) radius=15.0
529	located_on_h3_cell	891f0148033ffff	h3place	https://www.openstreetmap.org/way/273640767	osmplace	False		6.0	Transport_NEG_aeroway around (Stralsund) radius=15.0
530	hasOSMTag	trunk	osmtag	891f01480b3ffff	h3place	False	1.0		Transport_NEG_aeroway around (Stralsund) radius=15.0
531	located_on_h3_cell	891f03b0157ffff	h3place	https://www.openstreetmap.org/way/639120769	osmplace	False		6.0	Transport_NEG_aeroway around (Stralsund) radius=15.0
532	located_on_h3_cell	https://www.openstreetmap.org/way/318120156	osmplace	891f0149dc3ffff	h3place	False		6.0	Transport_NEG_aeroway around (Stralsund) radius=15.0
533	hasOSMTag	891f0148033ffff	h3place	trunk	osmtag	False	1.0		Transport_NEG_aeroway around (Stralsund) radius=15.0
534	hasOSMTag	891f0386a07ffff	h3place	primary	osmtag	False	2.0		Transport_NEG_aeroway around (Stralsund) radius=15.0
535	hasOSMTag	891f0149dc3ffff	h3place	trunk	osmtag	False	3.0		Transport_NEG_aeroway around (Stralsund) radius=15.0
536	hasOSMTag	primary	osmtag	891f0386e0bffff	h3place	False	1.0		Transport_NEG_aeroway around (Stralsund) radius=15.0
537	hasOSMTag	primary	osmtag	891f03b0103ffff	h3place	False	1.0		Transport_NEG_aeroway around (Stralsund) radius=15.0
538	hasOSMTag	891f03b0157ffff	h3place	primary	osmtag	False	1.0		Transport_NEG_aeroway around (Stralsund) radius=15.0
539	located_on_h3_cell	891f03bb6cbffff	h3place	https://www.openstreetmap.org/way/239068532	osmplace	False		6.0	Environment_NEG_geological around (Stralsund) radius=15.0
540	hasOSMTag	primary	osmtag	891f0384c83ffff	h3place	False	1.0		Transport_NEG_aeroway around (Stralsund) radius=15.0
541	located_on_h3_cell	https://www.openstreetmap.org/way/224991077	osmplace	891f03b0603ffff	h3place	False		6.0	Transport_NEG_aeroway around (Stralsund) radius=15.0
542	hasOSMTag	891f038693bffff	h3place	trunk	osmtag	False	1.0		Transport_NEG_aeroway around (Stralsund) radius=15.0
543	located_on_h3_cell	891f03b0c53ffff	h3place	https://www.openstreetmap.org/way/667034921	osmplace	False		6.0	Transport_NEG_aeroway around (Stralsund) radius=15.0
544	hasOSMTag	trunk	osmtag	891f03b0e97ffff	h3place	False	1.0		Transport_NEG_aeroway around (Stralsund) radius=15.0
545	hasOSMTag	891f0386e8bffff	h3place	primary	osmtag	False	1.0		Transport_NEG_aeroway around (Stralsund) radius=15.0
546	located_on_h3_cell	https://www.openstreetmap.org/way/439464116	osmplace	891f0149a73ffff	h3place	False		6.0	Transport_NEG_aeroway around (Stralsund) radius=15.0
547	located_on_h3_cell	https://www.openstreetmap.org/way/439462764	osmplace	891f0386977ffff	h3place	False		6.0	Transport_NEG_aeroway around (Stralsund) radius=15.0
548	located_on_h3_cell	891f0148317ffff	h3place	https://www.openstreetmap.org/way/318120164	osmplace	False		6.0	Transport_NEG_aeroway around (Stralsund) radius=15.0
549	located_on_h3_cell	891f03b0ccfffff	h3place	https://www.openstreetmap.org/way/315549634	osmplace	False		6.0	Transport_NEG_aeroway around (Stralsund) radius=15.0
550	located_on_h3_cell	891f03b0603ffff	h3place	https://www.openstreetmap.org/way/224991077	osmplace	False		6.0	Transport_NEG_aeroway around (Stralsund) radius=15.0
551	located_on_h3_cell	https://www.openstreetmap.org/way/312919449	osmplace	891f0149657ffff	h3place	False		6.0	Transport_NEG_aeroway around (Stralsund) radius=15.0
552	hasOSMTag	891f038638fffff	h3place	fast_food	osmtag	False	1.0		Lifestyle_NEG_shop around (Stralsund) radius=15.0
553	hasOSMTag	industrial	osmtag	891f0386093ffff	h3place	False	1.0		Environment_NEG_geological around (Stralsund) radius=15.0
554	located_on_h3_cell	891f0386173ffff	h3place	https://www.openstreetmap.org/way/312919454	osmplace	False		6.0	Transport_NEG_aeroway around (Stralsund) radius=15.0
555	located_on_h3_cell	https://www.openstreetmap.org/way/439462773	osmplace	891f0386bafffff	h3place	False		6.0	Transport_NEG_aeroway around (Stralsund) radius=15.0
556	located_on_h3_cell	https://www.openstreetmap.org/way/439462775	osmplace	891f0386b37ffff	h3place	False		6.0	Transport_NEG_aeroway around (Stralsund) radius=15.0
557	located_on_h3_cell	https://www.openstreetmap.org/way/439464486	osmplace	891f0149ab3ffff	h3place	False		6.0	Transport_NEG_aeroway around (Stralsund) radius=15.0
558	located_on_h3_cell	https://www.openstreetmap.org/way/667011348	osmplace	891f03b337bffff	h3place	False		6.0	Transport_NEG_aeroway around (Stralsund) radius=15.0
559	located_on_h3_cell	891f03b06abffff	h3place	https://www.openstreetmap.org/way/391532501	osmplace	False		6.0	Transport_NEG_aeroway around (Stralsund) radius=15.0
560	hasOSMTag	891f0386167ffff	h3place	primary	osmtag	False	2.0		Transport_NEG_aeroway around (Stralsund) radius=15.0
561	located_on_h3_cell	https://www.openstreetmap.org/way/685612463	osmplace	891f0386e0fffff	h3place	False		6.0	Transport_NEG_aeroway around (Stralsund) radius=15.0
562	located_on_h3_cell	891f03bb14fffff	h3place	https://www.openstreetmap.org/way/226043594	osmplace	False		6.0	Transport_NEG_aeroway around (Stralsund) radius=15.0
563	hasOSMTag	891f03bb17bffff	h3place	primary	osmtag	False	4.0		Transport_NEG_aeroway around (Stralsund) radius=15.0
564	hasOSMTag	891f01480a3ffff	h3place	trunk	osmtag	False	1.0		Transport_NEG_aeroway around (Stralsund) radius=15.0
565	located_on_h3_cell	891f03bb17bffff	h3place	https://www.openstreetmap.org/way/226043591	osmplace	False		6.0	Transport_NEG_aeroway around (Stralsund) radius=15.0
566	located_on_h3_cell	891f0386bafffff	h3place	https://www.openstreetmap.org/way/439462773	osmplace	False		6.0	Transport_NEG_aeroway around (Stralsund) radius=15.0
567	hasOSMTag	891f03b0ccbffff	h3place	primary	osmtag	False	1.0		Transport_NEG_aeroway around (Stralsund) radius=15.0
568	hasOSMTag	891f03869afffff	h3place	trunk	osmtag	False	7.0		Transport_NEG_aeroway around (Stralsund) radius=15.0
569	located_on_h3_cell	891f0149a17ffff	h3place	https://www.openstreetmap.org/way/439464279	osmplace	False		6.0	Transport_NEG_aeroway around (Stralsund) radius=15.0
570	located_on_h3_cell	https://www.openstreetmap.org/way/457746455	osmplace	891f03b001bffff	h3place	False		6.0	Transport_NEG_aeroway around (Stralsund) radius=15.0
571	located_on_h3_cell	https://www.openstreetmap.org/way/666033982	osmplace	891f03b0cc3ffff	h3place	False		6.0	Transport_NEG_aeroway around (Stralsund) radius=15.0
572	located_on_h3_cell	891f038610bffff	h3place	https://www.openstreetmap.org/way/312919451	osmplace	False		6.0	Transport_NEG_aeroway around (Stralsund) radius=15.0
573	located_on_h3_cell	891f0149d5bffff	h3place	https://www.openstreetmap.org/way/318120155	osmplace	False		6.0	Transport_NEG_aeroway around (Stralsund) radius=15.0
574	hasOSMTag	891f03bb14fffff	h3place	primary	osmtag	False	3.0		Transport_NEG_aeroway around (Stralsund) radius=15.0
575	located_on_h3_cell	891f03b0ccbffff	h3place	https://www.openstreetmap.org/way/315549630	osmplace	False		6.0	Transport_NEG_aeroway around (Stralsund) radius=15.0
576	located_on_h3_cell	https://www.openstreetmap.org/way/273640767	osmplace	891f0148033ffff	h3place	False		6.0	Transport_NEG_aeroway around (Stralsund) radius=15.0
577	located_on_h3_cell	https://www.openstreetmap.org/way/318120164	osmplace	891f0148317ffff	h3place	False		6.0	Transport_NEG_aeroway around (Stralsund) radius=15.0
578	located_on_h3_cell	https://www.openstreetmap.org/way/30477653	osmplace	891f014b647ffff	h3place	False		6.0	Transport_NEG_aeroway around (Stralsund) radius=15.0
579	located_on_h3_cell	https://www.openstreetmap.org/way/312919469	osmplace	891f0386a9bffff	h3place	False		6.0	Transport_NEG_aeroway around (Stralsund) radius=15.0
580	located_on_h3_cell	https://www.openstreetmap.org/way/315549634	osmplace	891f03b0ccfffff	h3place	False		6.0	Transport_NEG_aeroway around (Stralsund) radius=15.0
581	located_on_h3_cell	https://www.openstreetmap.org/way/439464118	osmplace	891f0149a73ffff	h3place	False		6.0	Transport_NEG_aeroway around (Stralsund) radius=15.0
582	located_on_h3_cell	https://www.openstreetmap.org/way/701712931	osmplace	891f03bb17bffff	h3place	False		6.0	Transport_NEG_aeroway around (Stralsund) radius=15.0
583	located_on_h3_cell	https://www.openstreetmap.org/way/439462761	osmplace	891f0386ba7ffff	h3place	False		6.0	Transport_NEG_aeroway around (Stralsund) radius=15.0
584	located_on_h3_cell	https://www.openstreetmap.org/way/457746172	osmplace	891f03b0003ffff	h3place	False		6.0	Transport_NEG_aeroway around (Stralsund) radius=15.0
585	located_on_h3_cell	https://www.openstreetmap.org/way/322698079	osmplace	891f0386a13ffff	h3place	False		6.0	Transport_NEG_aeroway around (Stralsund) radius=15.0
586	located_on_h3_cell	https://www.openstreetmap.org/way/439463818	osmplace	891f03869afffff	h3place	False		6.0	Transport_NEG_aeroway around (Stralsund) radius=15.0
587	hasOSMTag	891f0386e77ffff	h3place	primary	osmtag	False	2.0		Transport_NEG_aeroway around (Stralsund) radius=15.0
588	located_on_h3_cell	891f0386167ffff	h3place	https://www.openstreetmap.org/way/312919455	osmplace	False		6.0	Transport_NEG_aeroway around (Stralsund) radius=15.0
589	located_on_h3_cell	https://www.openstreetmap.org/way/639120778	osmplace	891f03b001bffff	h3place	False		6.0	Transport_NEG_aeroway around (Stralsund) radius=15.0
590	hasOSMTag	trunk	osmtag	891f0149a17ffff	h3place	False	3.0		Transport_NEG_aeroway around (Stralsund) radius=15.0
591	hasOSMTag	primary	osmtag	891f0386e1bffff	h3place	False	1.0		Transport_NEG_aeroway around (Stralsund) radius=15.0
592	located_on_h3_cell	https://www.openstreetmap.org/way/439464480	osmplace	891f0149843ffff	h3place	False		6.0	Transport_NEG_aeroway around (Stralsund) radius=15.0
593	located_on_h3_cell	891f03b0e3bffff	h3place	https://www.openstreetmap.org/way/764156226	osmplace	False		6.0	Transport_NEG_aeroway around (Stralsund) radius=15.0
594	located_on_h3_cell	891f03bb14fffff	h3place	https://www.openstreetmap.org/way/391515219	osmplace	False		6.0	Transport_NEG_aeroway around (Stralsund) radius=15.0
595	hasOSMTag	891f0386173ffff	h3place	primary	osmtag	False	1.0		Transport_NEG_aeroway around (Stralsund) radius=15.0
596	hasOSMTag	primary	osmtag	891f0386e77ffff	h3place	False	2.0		Transport_NEG_aeroway around (Stralsund) radius=15.0
597	located_on_h3_cell	891f0386ec7ffff	h3place	https://www.openstreetmap.org/way/187991938	osmplace	False		6.0	Lifestyle_NEG_shop around (Stralsund) radius=15.0
598	located_on_h3_cell	891f03b0003ffff	h3place	https://www.openstreetmap.org/way/457746172	osmplace	False		6.0	Transport_NEG_aeroway around (Stralsund) radius=15.0
599	located_on_h3_cell	891f03b14b7ffff	h3place	https://www.openstreetmap.org/way/308988458	osmplace	False		6.0	Transport_NEG_aeroway around (Stralsund) radius=15.0
600	located_on_h3_cell	891f0149a07ffff	h3place	https://www.openstreetmap.org/way/439464281	osmplace	False		6.0	Transport_NEG_aeroway around (Stralsund) radius=15.0
601	located_on_h3_cell	https://www.openstreetmap.org/way/391515219	osmplace	891f03bb14fffff	h3place	False		6.0	Transport_NEG_aeroway around (Stralsund) radius=15.0
